#Date;TrdTime;Contract;ContractType;TrdTyp;Currency;TesId;Prc;Qty;TrdInd;Aggressor;Buy;Sell;Exch;InstrumentId;RelatedProdId;PrcDecomp
27.12.2024;11:03:09.313;A2XA SI 20271217 CS;SIMPLE_INSTRUMENT;BLOCK;EUR;4;1.90000000;354;EXCHANGE_LAST;;1;1;XEUR;5914267;17;
27.12.2024;10:17:24.463;AXA.O.241227.STG.000002;STANDARD_OPTION_STRATEGY;BLOCK;EUR;1;2.14000000;4000;EXCHANGE_LAST;;1;1;XEUR;72058139498795172;127;
27.12.2024;10:17:24.463;AXA SI 20250321 PS AM C 34.00 0;SIMPLE_INSTRUMENT;BLOCK;EUR;1;1.27000000;4000;PRC_DECOMP_MEMBER;;;;XEUR;10830419;127;MEMBER
27.12.2024;10:17:24.463;AXA SI 20250321 PS AM P 33.00 0;SIMPLE_INSTRUMENT;BLOCK;EUR;1;0.87000000;4000;PRC_DECOMP_MEMBER;;;;XEUR;11678098;127;MEMBER
27.12.2024;11:05:05.534;B2AS SI 20261218 CS;SIMPLE_INSTRUMENT;BLOCK;EUR;5;1.99000000;246;EXCHANGE_LAST;;1;1;XEUR;4632165;140;
27.12.2024;11:09:24.010;B2NP SI 20271217 CS;SIMPLE_INSTRUMENT;BLOCK;EUR;7;3.50000000;302;EXCHANGE_LAST;;1;1;XEUR;7086925;131;
27.12.2024;14:38:06.556;B2NP SI 20281215 CS;SIMPLE_INSTRUMENT;BLOCK;EUR;14;3.08000000;50;EXCHANGE_LAST;;1;1;XEUR;7086921;131;
27.12.2024;11:11:12.425;BAY SI 20251219 PS AM P 12.00 0;SIMPLE_INSTRUMENT;BLOCK;EUR;1;0.51000000;1000;EXCHANGE_LAST;;1;1;XEUR;10017446;168;
27.12.2024;14:57:38.280;BMW.N.241227.000007;NON_STANDARD_OPTION_STRATEGY;BLOCK;EUR;4;1.50000000;500;EXCHANGE_LAST;;1;1;XEUR;72058495981108961;210;
27.12.2024;14:57:38.280;BMW SI 20251219 PS AM P 76.00 0;SIMPLE_INSTRUMENT;BLOCK;EUR;4;7.62000000;2000;PRC_DECOMP_EXCHANGE;;;;XEUR;5923232;210;EXCHANGE
27.12.2024;14:57:38.280;BMW SI 20251219 PS AM P 72.00 0;SIMPLE_INSTRUMENT;BLOCK;EUR;4;5.79000000;1000;PRC_DECOMP_EXCHANGE;;;;XEUR;11992512;210;EXCHANGE
27.12.2024;14:57:38.280;BMW SI 20251219 PS AM P 72.00 0;SIMPLE_INSTRUMENT;BLOCK;EUR;4;5.80000000;1500;PRC_DECOMP_EXCHANGE;;;;XEUR;11992512;210;EXCHANGE
27.12.2024;11:02:10.336;D3AI SI 20271217 CS;SIMPLE_INSTRUMENT;BLOCK;EUR;3;2.54000000;189;EXCHANGE_LAST;;1;1;XEUR;7144067;443197;
27.12.2024;11:01:10.016;E2NT SI 20271217 CS;SIMPLE_INSTRUMENT;BLOCK;EUR;2;0.84000000;343;EXCHANGE_LAST;;1;1;XEUR;5914575;470;
27.12.2024;11:50:26.522;ENUF SI 20250117 CS;SIMPLE_INSTRUMENT;BLOCK;EUR;8;9.67690000;35000;EXCHANGE_LAST;;1;1;XEUR;10404357;499;
27.12.2024;12:05:12.483;ENUF SI 20250117 CS;SIMPLE_INSTRUMENT;BLOCK;EUR;9;9.41640000;15000;EXCHANGE_LAST;;1;1;XEUR;10404357;499;
27.12.2024;11:06:15.032;F3TE SI 20271217 CS;SIMPLE_INSTRUMENT;BLOCK;EUR;6;0.60000000;1603;EXCHANGE_LAST;;1;1;XEUR;6633916;390379;
27.12.2024;08:49:02.593;FBTP SI 20250306 PS;SIMPLE_INSTRUMENT;EFP_FIN;EUR;1;119.78000000;805;EXCHANGE_LAST;;1;1;XEUR;11286675;636;
27.12.2024;09:43:28.758;FBTP SI 20250306 PS;SIMPLE_INSTRUMENT;EFP_FIN;EUR;2;119.57000000;170;EXCHANGE_LAST;;1;1;XEUR;11286675;636;
27.12.2024;10:13:43.707;FBTP SI 20250306 PS;SIMPLE_INSTRUMENT;EFP_FIN;EUR;3;119.47000000;1418;EXCHANGE_LAST;;1;1;XEUR;11286675;636;
27.12.2024;10:27:20.956;FBTP SI 20250306 PS;SIMPLE_INSTRUMENT;EFP_FIN;EUR;4;119.47000000;895;EXCHANGE_LAST;;1;1;XEUR;11286675;636;
27.12.2024;11:51:17.935;FBTP SI 20250306 PS;SIMPLE_INSTRUMENT;EFP_FIN;EUR;5;119.47000000;448;EXCHANGE_LAST;;1;1;XEUR;11286675;636;
27.12.2024;11:53:51.023;FBTP SI 20250306 PS;SIMPLE_INSTRUMENT;EFP_FIN;EUR;6;119.54000000;448;EXCHANGE_LAST;;1;1;XEUR;11286675;636;
27.12.2024;11:55:46.216;FBTP SI 20250306 PS;SIMPLE_INSTRUMENT;EFP_FIN;EUR;7;119.48000000;448;EXCHANGE_LAST;;1;1;XEUR;11286675;636;
27.12.2024;12:25:05.087;FBTP SI 20250306 PS;SIMPLE_INSTRUMENT;EFP_FIN;EUR;8;119.66000000;448;EXCHANGE_LAST;;1;1;XEUR;11286675;636;
27.12.2024;12:35:14.195;FBTP SI 20250306 PS;SIMPLE_INSTRUMENT;BLOCK;EUR;9;119.73000000;927;EXCHANGE_LAST;;1;1;XEUR;11286675;636;
27.12.2024;13:22:12.918;FBTP SI 20250306 PS;SIMPLE_INSTRUMENT;EFP_FIN;EUR;10;119.44000000;126;EXCHANGE_LAST;;1;1;XEUR;11286675;636;
27.12.2024;13:37:20.292;FBTP SI 20250306 PS;SIMPLE_INSTRUMENT;EFP_FIN;EUR;12;119.84000000;1153;EXCHANGE_LAST;;1;1;XEUR;11286675;636;
27.12.2024;14:02:23.141;FBTP SI 20250306 PS;SIMPLE_INSTRUMENT;EFP_FIN;EUR;13;119.97000000;582;EXCHANGE_LAST;;1;1;XEUR;11286675;636;
27.12.2024;14:17:30.444;FBTP SI 20250306 PS;SIMPLE_INSTRUMENT;BLOCK;EUR;14;119.97000000;582;EXCHANGE_LAST;;1;1;XEUR;11286675;636;
27.12.2024;16:57:05.175;FBTP SI 20250306 PS;SIMPLE_INSTRUMENT;EFP_FIN;EUR;15;119.89000000;224;EXCHANGE_LAST;;1;1;XEUR;11286675;636;
27.12.2024;09:06:14.010;FBTS SI 20250306 PS;SIMPLE_INSTRUMENT;EFP_FIN;EUR;2;107.38000000;677;EXCHANGE_LAST;;1;1;XEUR;11286677;639;
27.12.2024;09:57:18.138;FBTS SI 20250306 PS;SIMPLE_INSTRUMENT;EFP_FIN;EUR;5;107.34000000;285;EXCHANGE_LAST;;1;1;XEUR;11286677;639;
27.12.2024;10:27:29.363;FBTS SI 20250306 PS;SIMPLE_INSTRUMENT;EFP_FIN;EUR;6;107.31000000;908;EXCHANGE_LAST;;1;1;XEUR;11286677;639;
27.12.2024;10:32:44.094;FBTS SI 20250306 PS;SIMPLE_INSTRUMENT;EFP_FIN;EUR;7;107.31000000;999;EXCHANGE_LAST;;1;1;XEUR;11286677;639;
27.12.2024;10:53:43.514;FBTS SI 20250306 PS;SIMPLE_INSTRUMENT;EFP_FIN;EUR;8;107.32000000;2276;EXCHANGE_LAST;;1;1;XEUR;11286677;639;
27.12.2024;11:32:48.950;FBTS SI 20250306 PS;SIMPLE_INSTRUMENT;EFP_FIN;EUR;10;107.30000000;737;EXCHANGE_LAST;;1;1;XEUR;11286677;639;
27.12.2024;11:35:02.820;FBTS SI 20250306 PS;SIMPLE_INSTRUMENT;EFP_FIN;EUR;11;107.30000000;737;EXCHANGE_LAST;;1;1;XEUR;11286677;639;
27.12.2024;16:16:48.585;FCNS SI 20250317 PS;SIMPLE_INSTRUMENT;EFP_IDX;SEK;2;0.96285000;122;EXCHANGE_LAST;;1;1;XEUR;9136391;402911;
27.12.2024;16:16:49.091;FCNS SI 20250317 PS;SIMPLE_INSTRUMENT;EFP_IDX;SEK;3;0.96286000;28;EXCHANGE_LAST;;1;1;XEUR;9136391;402911;
27.12.2024;10:52:35.817;FCPU SI 20250317 PS;SIMPLE_INSTRUMENT;BLOCK;USD;1;1.25165000;636;EXCHANGE_LAST;;1;1;XEUR;9136249;369379;
27.12.2024;09:45:26.693;FD3D SI 20251219 CS;SIMPLE_INSTRUMENT;BLOCK;EUR;2;103.50000000;450;EXCHANGE_LAST;;1;1;XEUR;5914068;588;
27.12.2024;17:10:32.970;FDAX SI 20250321 CS;SIMPLE_INSTRUMENT;EFP_IDX;EUR;1;20075.00000000;100;EXCHANGE_LAST;;1;1;XEUR;7561255;589;
27.12.2024;17:13:32.931;FDAX SI 20250321 CS;SIMPLE_INSTRUMENT;EFP_IDX;EUR;2;20075.00000000;130;EXCHANGE_LAST;;1;1;XEUR;7561255;589;
27.12.2024;17:17:50.279;FDAX SI 20250321 CS;SIMPLE_INSTRUMENT;EFP_IDX;EUR;3;20075.00000000;100;EXCHANGE_LAST;;1;1;XEUR;7561255;589;
27.12.2024;17:17:43.005;FDAX SI 20250321 CS;SIMPLE_INSTRUMENT;EFP_IDX;EUR;4;20075.00000000;130;EXCHANGE_LAST;;1;1;XEUR;7561255;589;
27.12.2024;16:26:58.882;FEBD SI 20261218 CS;SIMPLE_INSTRUMENT;BLOCK;EUR;7;9.52000000;600;EXCHANGE_LAST;;1;1;XEUR;7158212;597;
27.12.2024;16:57:45.784;FEDV SI 20250321 CS;SIMPLE_INSTRUMENT;EFP_IDX;EUR;19;1624.50000000;600;EXCHANGE_LAST;;1;1;XEUR;11359068;596;
27.12.2024;16:57:38.450;FEDV SI 20250321 CS;SIMPLE_INSTRUMENT;EFP_IDX;EUR;20;1625.00000000;1400;EXCHANGE_LAST;;1;1;XEUR;11359068;596;
27.12.2024;13:24:19.789;FES1 SI 20250321 PS;SIMPLE_INSTRUMENT;BLOCK;EUR;6;20.50000000;1000;EXCHANGE_LAST;;1;1;XEUR;11391470;58959;
27.12.2024;16:56:21.510;FESL SI 20250321 CS;SIMPLE_INSTRUMENT;EFP_IDX;EUR;3;145.70000000;243;EXCHANGE_LAST;;1;1;XEUR;11359619;680;
27.12.2024;16:56:35.402;FESL SI 20250321 CS;SIMPLE_INSTRUMENT;EFP_IDX;EUR;4;145.80000000;27;EXCHANGE_LAST;;1;1;XEUR;11359619;680;
27.12.2024;16:50:13.013;FESX SI 20250321 CS;SIMPLE_INSTRUMENT;EFP_IDX;EUR;1;4920.00000000;153;EXCHANGE_LAST;;1;1;XEUR;7793482;675;
27.12.2024;16:50:35.851;FESX SI 20250321 CS;SIMPLE_INSTRUMENT;EFP_IDX;EUR;2;4919.00000000;447;EXCHANGE_LAST;;1;1;XEUR;7793482;675;
27.12.2024;16:51:04.981;FESX SI 20250321 CS;SIMPLE_INSTRUMENT;EFP_IDX;EUR;3;4919.00000000;288;EXCHANGE_LAST;;1;1;XEUR;7793482;675;
27.12.2024;16:51:37.192;FESX SI 20250321 CS;SIMPLE_INSTRUMENT;EFP_IDX;EUR;4;4920.00000000;43;EXCHANGE_LAST;;1;1;XEUR;7793482;675;
27.12.2024;09:38:36.698;FESX SI 20250321 CS;SIMPLE_INSTRUMENT;VOLA;EUR;637534219;4896.00000000;486;EXCHANGE_LAST;;1;1;XEUR;7793482;675;
27.12.2024;09:56:24.762;FESX SI 20250321 CS;SIMPLE_INSTRUMENT;VOLA;EUR;637534224;4900.00000000;733;EXCHANGE_LAST;;1;1;XEUR;7793482;675;
27.12.2024;11:41:41.093;FESX SI 20250321 CS;SIMPLE_INSTRUMENT;VOLA;EUR;637534241;4900.00000000;189;EXCHANGE_LAST;;1;1;XEUR;7793482;675;
27.12.2024;14:05:46.798;FESX SI 20250321 CS;SIMPLE_INSTRUMENT;VOLA;EUR;637534252;4910.00000000;208;EXCHANGE_LAST;;1;1;XEUR;7793482;675;
27.12.2024;14:54:54.372;FESX SI 20250321 CS;SIMPLE_INSTRUMENT;VOLA;EUR;637534265;4900.00000000;412;EXCHANGE_LAST;;1;1;XEUR;7793482;675;
27.12.2024;15:01:30.846;FESX SI 20250321 CS;SIMPLE_INSTRUMENT;VOLA;EUR;637534266;4910.00000000;10;EXCHANGE_LAST;;1;1;XEUR;7793482;675;
27.12.2024;08:16:03.634;FEXD SI 20261218 CS;SIMPLE_INSTRUMENT;BLOCK;EUR;1;151.40000000;241;EXCHANGE_LAST;;1;1;XEUR;2163053;693;
27.12.2024;09:45:36.362;FEXD SI 20261218 CS;SIMPLE_INSTRUMENT;BLOCK;EUR;3;151.90000000;200;EXCHANGE_LAST;;1;1;XEUR;2163053;693;
27.12.2024;10:22:43.402;FEXD SI 20281215 CS;SIMPLE_INSTRUMENT;BLOCK;EUR;4;141.20000000;100;EXCHANGE_LAST;;1;1;XEUR;3680985;693;
27.12.2024;10:22:59.619;FEXD SI 20261218 CS;SIMPLE_INSTRUMENT;BLOCK;EUR;5;152.20000000;100;EXCHANGE_LAST;;1;1;XEUR;2163053;693;
27.12.2024;16:29:42.498;FEXD SI 20251219 CS;SIMPLE_INSTRUMENT;BLOCK;EUR;8;157.90000000;238;EXCHANGE_LAST;;1;1;XEUR;1548120;693;
27.12.2024;08:20:16.099;FGBL SI 20250306 PS;SIMPLE_INSTRUMENT;EFS;EUR;1;133.25000000;314;EXCHANGE_LAST;;1;1;XEUR;11286679;688;
27.12.2024;08:42:40.307;FGBL SI 20250306 PS;SIMPLE_INSTRUMENT;EFS;EUR;2;133.33000000;204;EXCHANGE_LAST;;1;1;XEUR;11286679;688;
27.12.2024;08:43:49.688;FGBL SI 20250306 PS;SIMPLE_INSTRUMENT;EFS;EUR;3;133.32000000;409;EXCHANGE_LAST;;1;1;XEUR;11286679;688;
27.12.2024;08:46:19.718;FGBL SI 20250306 PS;SIMPLE_INSTRUMENT;EFP_FIN;EUR;4;133.30000000;1014;EXCHANGE_LAST;;1;1;XEUR;11286679;688;
27.12.2024;08:49:58.803;FGBL SI 20250306 PS;SIMPLE_INSTRUMENT;EFS;EUR;5;133.31000000;421;EXCHANGE_LAST;;1;1;XEUR;11286679;688;
27.12.2024;08:54:03.058;FGBL SI 20250306 PS;SIMPLE_INSTRUMENT;EFS;EUR;6;133.26000000;449;EXCHANGE_LAST;;1;1;XEUR;11286679;688;
27.12.2024;08:56:19.079;FGBL SI 20250306 PS;SIMPLE_INSTRUMENT;EFS;EUR;7;133.19000000;409;EXCHANGE_LAST;;1;1;XEUR;11286679;688;
27.12.2024;08:58:41.278;FGBL SI 20250306 PS;SIMPLE_INSTRUMENT;EFS;EUR;8;133.15000000;409;EXCHANGE_LAST;;1;1;XEUR;11286679;688;
27.12.2024;09:15:04.602;FGBL SI 20250306 PS;SIMPLE_INSTRUMENT;EFS;EUR;9;133.18000000;449;EXCHANGE_LAST;;1;1;XEUR;11286679;688;
27.12.2024;09:21:21.691;FGBL SI 20250306 PS;SIMPLE_INSTRUMENT;EFS;EUR;10;133.26000000;449;EXCHANGE_LAST;;1;1;XEUR;11286679;688;
27.12.2024;09:42:48.949;FGBL SI 20250306 PS;SIMPLE_INSTRUMENT;EFS;EUR;11;133.18000000;220;EXCHANGE_LAST;;1;1;XEUR;11286679;688;
27.12.2024;09:44:56.465;FGBL SI 20250306 PS;SIMPLE_INSTRUMENT;EFS;EUR;12;133.03000000;410;EXCHANGE_LAST;;1;1;XEUR;11286679;688;
27.12.2024;09:45:01.471;FGBL SI 20250306 PS;SIMPLE_INSTRUMENT;EFS;EUR;13;133.03000000;615;EXCHANGE_LAST;;1;1;XEUR;11286679;688;
27.12.2024;09:46:16.548;FGBL SI 20250306 PS;SIMPLE_INSTRUMENT;EFS;EUR;14;133.06000000;820;EXCHANGE_LAST;;1;1;XEUR;11286679;688;
27.12.2024;09:46:20.896;FGBL SI 20250306 PS;SIMPLE_INSTRUMENT;EFS;EUR;15;133.10000000;204;EXCHANGE_LAST;;1;1;XEUR;11286679;688;
27.12.2024;09:48:38.072;FGBL SI 20250306 PS;SIMPLE_INSTRUMENT;EFS;EUR;16;133.04000000;409;EXCHANGE_LAST;;1;1;XEUR;11286679;688;
27.12.2024;09:49:40.201;FGBL SI 20250306 PS;SIMPLE_INSTRUMENT;EFS;EUR;17;133.04000000;229;EXCHANGE_LAST;;1;1;XEUR;11286679;688;
27.12.2024;09:52:25.097;FGBL SI 20250306 PS;SIMPLE_INSTRUMENT;EFS;EUR;18;133.07000000;229;EXCHANGE_LAST;;1;1;XEUR;11286679;688;
27.12.2024;10:01:45.868;FGBL SI 20250306 PS;SIMPLE_INSTRUMENT;EFS;EUR;19;132.99000000;200;EXCHANGE_LAST;;1;1;XEUR;11286679;688;
27.12.2024;10:02:20.115;FGBL SI 20250306 PS;SIMPLE_INSTRUMENT;EFS;EUR;20;133.04000000;450;EXCHANGE_LAST;;1;1;XEUR;11286679;688;
27.12.2024;10:10:32.292;FGBL SI 20250306 PS;SIMPLE_INSTRUMENT;EFS;EUR;21;133.02000000;150;EXCHANGE_LAST;;1;1;XEUR;11286679;688;
27.12.2024;10:23:42.260;FGBL SI 20250306 PS;SIMPLE_INSTRUMENT;EFS;EUR;22;133.02000000;900;EXCHANGE_LAST;;1;1;XEUR;11286679;688;
27.12.2024;10:27:13.756;FGBL SI 20250306 PS;SIMPLE_INSTRUMENT;EFP_FIN;EUR;23;132.98000000;1189;EXCHANGE_LAST;;1;1;XEUR;11286679;688;
27.12.2024;10:28:03.306;FGBL SI 20250306 PS;SIMPLE_INSTRUMENT;EFS;EUR;24;133.01000000;1352;EXCHANGE_LAST;;1;1;XEUR;11286679;688;
27.12.2024;10:52:23.556;FGBL SI 20250306 PS;SIMPLE_INSTRUMENT;EFS;EUR;25;132.95000000;450;EXCHANGE_LAST;;1;1;XEUR;11286679;688;
27.12.2024;10:53:02.050;FGBL SI 20250306 PS;SIMPLE_INSTRUMENT;EFS;EUR;26;132.95000000;409;EXCHANGE_LAST;;1;1;XEUR;11286679;688;
27.12.2024;10:53:50.417;FGBL SI 20250306 PS;SIMPLE_INSTRUMENT;EFS;EUR;27;132.95000000;409;EXCHANGE_LAST;;1;1;XEUR;11286679;688;
27.12.2024;10:55:35.712;FGBL SI 20250306 PS;SIMPLE_INSTRUMENT;EFP_FIN;EUR;28;132.98000000;676;EXCHANGE_LAST;;1;1;XEUR;11286679;688;
27.12.2024;10:56:55.837;FGBL SI 20250306 PS;SIMPLE_INSTRUMENT;EFS;EUR;29;132.96000000;205;EXCHANGE_LAST;;1;1;XEUR;11286679;688;
27.12.2024;11:11:03.506;FGBL SI 20250306 PS;SIMPLE_INSTRUMENT;EFS;EUR;30;132.96000000;441;EXCHANGE_LAST;;1;1;XEUR;11286679;688;
27.12.2024;11:16:23.077;FGBL SI 20250306 PS;SIMPLE_INSTRUMENT;EFS;EUR;31;132.94000000;703;EXCHANGE_LAST;;1;1;XEUR;11286679;688;
27.12.2024;11:43:04.488;FGBL SI 20250306 PS;SIMPLE_INSTRUMENT;EFS;EUR;32;132.87000000;469;EXCHANGE_LAST;;1;1;XEUR;11286679;688;
27.12.2024;11:53:12.657;FGBL SI 20250306 PS;SIMPLE_INSTRUMENT;EFS;EUR;33;132.94000000;229;EXCHANGE_LAST;;1;1;XEUR;11286679;688;
27.12.2024;12:10:22.456;FGBL SI 20250306 PS;SIMPLE_INSTRUMENT;EFS;EUR;34;132.97000000;205;EXCHANGE_LAST;;1;1;XEUR;11286679;688;
27.12.2024;12:11:41.830;FGBL SI 20250306 PS;SIMPLE_INSTRUMENT;EFS;EUR;35;132.97000000;205;EXCHANGE_LAST;;1;1;XEUR;11286679;688;
27.12.2024;12:18:51.608;FGBL SI 20250306 PS;SIMPLE_INSTRUMENT;EFP_FIN;EUR;36;133.03000000;260;EXCHANGE_LAST;;1;1;XEUR;11286679;688;
27.12.2024;12:22:25.073;FGBL SI 20250306 PS;SIMPLE_INSTRUMENT;EFS;EUR;37;133.06000000;410;EXCHANGE_LAST;;1;1;XEUR;11286679;688;
27.12.2024;12:23:00.097;FGBL SI 20250306 PS;SIMPLE_INSTRUMENT;EFS;EUR;38;133.06000000;410;EXCHANGE_LAST;;1;1;XEUR;11286679;688;
27.12.2024;12:33:41.269;FGBL SI 20250306 PS;SIMPLE_INSTRUMENT;EFS;EUR;39;133.10000000;409;EXCHANGE_LAST;;1;1;XEUR;11286679;688;
27.12.2024;12:34:35.096;FGBL SI 20250306 PS;SIMPLE_INSTRUMENT;EFS;EUR;40;133.10000000;229;EXCHANGE_LAST;;1;1;XEUR;11286679;688;
27.12.2024;12:43:15.519;FGBL SI 20250306 PS;SIMPLE_INSTRUMENT;EFS;EUR;41;133.12000000;448;EXCHANGE_LAST;;1;1;XEUR;11286679;688;
27.12.2024;13:35:15.962;FGBL SI 20250306 PS;SIMPLE_INSTRUMENT;EFS;EUR;42;133.13000000;224;EXCHANGE_LAST;;1;1;XEUR;11286679;688;
27.12.2024;13:39:58.806;FGBL SI 20250306 PS;SIMPLE_INSTRUMENT;EFS;EUR;43;133.03000000;410;EXCHANGE_LAST;;1;1;XEUR;11286679;688;
27.12.2024;13:41:28.865;FGBL SI 20250306 PS;SIMPLE_INSTRUMENT;EFS;EUR;44;133.03000000;164;EXCHANGE_LAST;;1;1;XEUR;11286679;688;
27.12.2024;13:59:15.469;FGBL SI 20250306 PS;SIMPLE_INSTRUMENT;EFS;EUR;45;133.14000000;191;EXCHANGE_LAST;;1;1;XEUR;11286679;688;
27.12.2024;14:49:27.308;FGBL SI 20250306 PS;SIMPLE_INSTRUMENT;EFS;EUR;46;133.09000000;205;EXCHANGE_LAST;;1;1;XEUR;11286679;688;
27.12.2024;14:52:28.291;FGBL SI 20250306 PS;SIMPLE_INSTRUMENT;EFS;EUR;47;133.10000000;409;EXCHANGE_LAST;;1;1;XEUR;11286679;688;
27.12.2024;14:58:55.360;FGBL SI 20250306 PS;SIMPLE_INSTRUMENT;EFS;EUR;48;133.09000000;224;EXCHANGE_LAST;;1;1;XEUR;11286679;688;
27.12.2024;15:12:34.639;FGBL SI 20250306 PS;SIMPLE_INSTRUMENT;EFS;EUR;49;133.18000000;900;EXCHANGE_LAST;;1;1;XEUR;11286679;688;
27.12.2024;15:12:38.302;FGBL SI 20250306 PS;SIMPLE_INSTRUMENT;EFS;EUR;50;133.10000000;398;EXCHANGE_LAST;;1;1;XEUR;11286679;688;
27.12.2024;15:15:11.859;FGBL SI 20250306 PS;SIMPLE_INSTRUMENT;EFS;EUR;51;133.18000000;218;EXCHANGE_LAST;;1;1;XEUR;11286679;688;
27.12.2024;15:23:46.384;FGBL SI 20250306 PS;SIMPLE_INSTRUMENT;EFS;EUR;52;133.16000000;899;EXCHANGE_LAST;;1;1;XEUR;11286679;688;
27.12.2024;15:28:58.094;FGBL SI 20250306 PS;SIMPLE_INSTRUMENT;EFS;EUR;53;133.17000000;315;EXCHANGE_LAST;;1;1;XEUR;11286679;688;
27.12.2024;15:35:59.307;FGBL SI 20250306 PS;SIMPLE_INSTRUMENT;EFP_FIN;EUR;54;133.13000000;74;EXCHANGE_LAST;;1;1;XEUR;11286679;688;
27.12.2024;15:52:03.866;FGBL SI 20250306 PS;SIMPLE_INSTRUMENT;EFS;EUR;55;133.08000000;286;EXCHANGE_LAST;;1;1;XEUR;11286679;688;
27.12.2024;15:55:35.778;FGBL SI 20250306 PS;SIMPLE_INSTRUMENT;EFS;EUR;56;133.18000000;690;EXCHANGE_LAST;;1;1;XEUR;11286679;688;
27.12.2024;16:25:41.052;FGBL SI 20250306 PS;SIMPLE_INSTRUMENT;EFS;EUR;57;133.03000000;216;EXCHANGE_LAST;;1;1;XEUR;11286679;688;
27.12.2024;16:30:21.503;FGBL SI 20250306 PS;SIMPLE_INSTRUMENT;EFS;EUR;58;132.99000000;205;EXCHANGE_LAST;;1;1;XEUR;11286679;688;
27.12.2024;16:35:56.332;FGBL SI 20250306 PS;SIMPLE_INSTRUMENT;EFP_FIN;EUR;59;133.01000000;486;EXCHANGE_LAST;;1;1;XEUR;11286679;688;
27.12.2024;08:25:58.469;FGBL SI 20250306 PS;SIMPLE_INSTRUMENT;VOLA;EUR;268435459;133.33000000;35;EXCHANGE_LAST;;1;1;XEUR;11286679;688;
27.12.2024;09:58:58.152;FGBL SI 20250306 PS;SIMPLE_INSTRUMENT;VOLA;EUR;268435472;133.05000000;28;EXCHANGE_LAST;;1;1;XEUR;11286679;688;
27.12.2024;10:25:29.726;FGBL SI 20250306 PS;SIMPLE_INSTRUMENT;VOLA;EUR;268435483;133.04000000;108;EXCHANGE_LAST;;1;1;XEUR;11286679;688;
27.12.2024;11:23:54.882;FGBL SI 20250306 PS;SIMPLE_INSTRUMENT;VOLA;EUR;268435489;132.96000000;641;EXCHANGE_LAST;;1;1;XEUR;11286679;688;
27.12.2024;11:24:50.204;FGBL SI 20250306 PS;SIMPLE_INSTRUMENT;VOLA;EUR;268435490;132.96000000;641;EXCHANGE_LAST;;1;1;XEUR;11286679;688;
27.12.2024;11:32:18.948;FGBL SI 20250306 PS;SIMPLE_INSTRUMENT;VOLA;EUR;268435497;132.87000000;27;EXCHANGE_LAST;;1;1;XEUR;11286679;688;
27.12.2024;08:05:54.110;FGBM SI 20250306 PS;SIMPLE_INSTRUMENT;EFS;EUR;1;117.82000000;270;EXCHANGE_LAST;;1;1;XEUR;11286680;689;
27.12.2024;08:39:27.154;FGBM SI 20250306 PS;SIMPLE_INSTRUMENT;EFS;EUR;2;117.83000000;1967;EXCHANGE_LAST;;1;1;XEUR;11286680;689;
27.12.2024;08:46:04.181;FGBM SI 20250306 PS;SIMPLE_INSTRUMENT;EFS;EUR;3;117.78000000;1478;EXCHANGE_LAST;;1;1;XEUR;11286680;689;
27.12.2024;08:47:41.796;FGBM SI 20250306 PS;SIMPLE_INSTRUMENT;EFS;EUR;4;117.85000000;984;EXCHANGE_LAST;;1;1;XEUR;11286680;689;
27.12.2024;09:47:55.785;FGBM SI 20250306 PS;SIMPLE_INSTRUMENT;EFS;EUR;5;117.67000000;446;EXCHANGE_LAST;;1;1;XEUR;11286680;689;
27.12.2024;09:48:20.174;FGBM SI 20250306 PS;SIMPLE_INSTRUMENT;EFS;EUR;6;117.66000000;473;EXCHANGE_LAST;;1;1;XEUR;11286680;689;
27.12.2024;10:00:23.406;FGBM SI 20250306 PS;SIMPLE_INSTRUMENT;EFP_FIN;EUR;7;117.79000000;216;EXCHANGE_LAST;;1;1;XEUR;11286680;689;
27.12.2024;10:02:51.745;FGBM SI 20250306 PS;SIMPLE_INSTRUMENT;EFP_FIN;EUR;8;117.71000000;647;EXCHANGE_LAST;;1;1;XEUR;11286680;689;
27.12.2024;10:07:31.927;FGBM SI 20250306 PS;SIMPLE_INSTRUMENT;EFS;EUR;9;117.64000000;1339;EXCHANGE_LAST;;1;1;XEUR;11286680;689;
27.12.2024;10:33:15.241;FGBM SI 20250306 PS;SIMPLE_INSTRUMENT;EFS;EUR;10;117.63000000;895;EXCHANGE_LAST;;1;1;XEUR;11286680;689;
27.12.2024;10:45:39.133;FGBM SI 20250306 PS;SIMPLE_INSTRUMENT;EFS;EUR;11;117.63000000;986;EXCHANGE_LAST;;1;1;XEUR;11286680;689;
27.12.2024;10:47:17.027;FGBM SI 20250306 PS;SIMPLE_INSTRUMENT;EFS;EUR;12;117.62000000;945;EXCHANGE_LAST;;1;1;XEUR;11286680;689;
27.12.2024;10:47:17.731;FGBM SI 20250306 PS;SIMPLE_INSTRUMENT;EFS;EUR;13;117.63000000;447;EXCHANGE_LAST;;1;1;XEUR;11286680;689;
27.12.2024;10:47:57.758;FGBM SI 20250306 PS;SIMPLE_INSTRUMENT;EFS;EUR;14;117.63000000;895;EXCHANGE_LAST;;1;1;XEUR;11286680;689;
27.12.2024;10:51:49.543;FGBM SI 20250306 PS;SIMPLE_INSTRUMENT;EFS;EUR;15;117.62000000;987;EXCHANGE_LAST;;1;1;XEUR;11286680;689;
27.12.2024;10:53:05.159;FGBM SI 20250306 PS;SIMPLE_INSTRUMENT;EFP_FIN;EUR;16;117.63000000;1337;EXCHANGE_LAST;;1;1;XEUR;11286680;689;
27.12.2024;10:59:10.663;FGBM SI 20250306 PS;SIMPLE_INSTRUMENT;EFS;EUR;17;117.62000000;938;EXCHANGE_LAST;;1;1;XEUR;11286680;689;
27.12.2024;11:02:43.300;FGBM SI 20250306 PS;SIMPLE_INSTRUMENT;EFS;EUR;18;117.62000000;895;EXCHANGE_LAST;;1;1;XEUR;11286680;689;
27.12.2024;11:09:46.071;FGBM SI 20250306 PS;SIMPLE_INSTRUMENT;EFS;EUR;19;117.62000000;930;EXCHANGE_LAST;;1;1;XEUR;11286680;689;
27.12.2024;11:26:00.145;FGBM SI 20250306 PS;SIMPLE_INSTRUMENT;EFS;EUR;20;117.58000000;895;EXCHANGE_LAST;;1;1;XEUR;11286680;689;
27.12.2024;11:42:46.973;FGBM SI 20250306 PS;SIMPLE_INSTRUMENT;EFS;EUR;21;117.57000000;987;EXCHANGE_LAST;;1;1;XEUR;11286680;689;
27.12.2024;11:50:58.020;FGBM SI 20250306 PS;SIMPLE_INSTRUMENT;EFS;EUR;22;117.59000000;895;EXCHANGE_LAST;;1;1;XEUR;11286680;689;
27.12.2024;11:51:58.054;FGBM SI 20250306 PS;SIMPLE_INSTRUMENT;EFS;EUR;23;117.59000000;895;EXCHANGE_LAST;;1;1;XEUR;11286680;689;
27.12.2024;11:56:42.003;FGBM SI 20250306 PS;SIMPLE_INSTRUMENT;EFS;EUR;24;117.62000000;987;EXCHANGE_LAST;;1;1;XEUR;11286680;689;
27.12.2024;11:58:02.008;FGBM SI 20250306 PS;SIMPLE_INSTRUMENT;EFS;EUR;25;117.62000000;495;EXCHANGE_LAST;;1;1;XEUR;11286680;689;
27.12.2024;12:23:10.625;FGBM SI 20250306 PS;SIMPLE_INSTRUMENT;EFS;EUR;26;117.64000000;987;EXCHANGE_LAST;;1;1;XEUR;11286680;689;
27.12.2024;13:28:51.930;FGBM SI 20250306 PS;SIMPLE_INSTRUMENT;EFS;EUR;27;117.68000000;1479;EXCHANGE_LAST;;1;1;XEUR;11286680;689;
27.12.2024;13:52:03.856;FGBM SI 20250306 PS;SIMPLE_INSTRUMENT;EFS;EUR;28;117.67000000;446;EXCHANGE_LAST;;1;1;XEUR;11286680;689;
27.12.2024;13:52:36.108;FGBM SI 20250306 PS;SIMPLE_INSTRUMENT;EFS;EUR;29;117.67000000;446;EXCHANGE_LAST;;1;1;XEUR;11286680;689;
27.12.2024;15:16:27.306;FGBM SI 20250306 PS;SIMPLE_INSTRUMENT;EFS;EUR;30;117.70000000;446;EXCHANGE_LAST;;1;1;XEUR;11286680;689;
27.12.2024;15:21:14.521;FGBM SI 20250306 PS;SIMPLE_INSTRUMENT;EFS;EUR;31;117.70000000;1892;EXCHANGE_LAST;;1;1;XEUR;11286680;689;
27.12.2024;15:25:02.682;FGBM SI 20250306 PS;SIMPLE_INSTRUMENT;EFS;EUR;32;117.70000000;1479;EXCHANGE_LAST;;1;1;XEUR;11286680;689;
27.12.2024;15:28:55.589;FGBM SI 20250306 PS;SIMPLE_INSTRUMENT;EFP_FIN;EUR;33;117.68000000;2243;EXCHANGE_LAST;;1;1;XEUR;11286680;689;
27.12.2024;15:35:05.352;FGBM SI 20250306 PS;SIMPLE_INSTRUMENT;EFP_FIN;EUR;34;117.70000000;147;EXCHANGE_LAST;;1;1;XEUR;11286680;689;
27.12.2024;16:22:15.339;FGBM SI 20250306 PS;SIMPLE_INSTRUMENT;EFS;EUR;35;117.65000000;446;EXCHANGE_LAST;;1;1;XEUR;11286680;689;
27.12.2024;16:35:56.332;FGBM SI 20250306 PS;SIMPLE_INSTRUMENT;EFP_FIN;EUR;36;117.65000000;701;EXCHANGE_LAST;;1;1;XEUR;11286680;689;
27.12.2024;09:45:42.164;FGBS SI 20250306 PS;SIMPLE_INSTRUMENT;EFS;EUR;1;106.96000000;1309;EXCHANGE_LAST;;1;1;XEUR;11286681;690;
27.12.2024;10:08:36.623;FGBS SI 20250306 PS;SIMPLE_INSTRUMENT;EFS;EUR;2;106.94500000;2734;EXCHANGE_LAST;;1;1;XEUR;11286681;690;
27.12.2024;10:11:42.259;FGBS SI 20250306 PS;SIMPLE_INSTRUMENT;EFS;EUR;3;106.95000000;1367;EXCHANGE_LAST;;1;1;XEUR;11286681;690;
27.12.2024;10:19:52.270;FGBS SI 20250306 PS;SIMPLE_INSTRUMENT;EFP_FIN;EUR;4;106.95500000;222;EXCHANGE_LAST;;1;1;XEUR;11286681;690;
27.12.2024;10:25:02.436;FGBS SI 20250306 PS;SIMPLE_INSTRUMENT;EFS;EUR;5;106.95500000;2723;EXCHANGE_LAST;;1;1;XEUR;11286681;690;
27.12.2024;10:35:29.042;FGBS SI 20250306 PS;SIMPLE_INSTRUMENT;EFS;EUR;6;106.94000000;2734;EXCHANGE_LAST;;1;1;XEUR;11286681;690;
27.12.2024;11:56:53.050;FGBS SI 20250306 PS;SIMPLE_INSTRUMENT;EFS;EUR;7;106.94000000;4101;EXCHANGE_LAST;;1;1;XEUR;11286681;690;
27.12.2024;12:48:13.228;FGBS SI 20250306 PS;SIMPLE_INSTRUMENT;EFP_FIN;EUR;8;106.96000000;748;EXCHANGE_LAST;;1;1;XEUR;11286681;690;
27.12.2024;12:50:31.703;FGBS SI 20250306 PS;SIMPLE_INSTRUMENT;EFS;EUR;9;106.95500000;2187;EXCHANGE_LAST;;1;1;XEUR;11286681;690;
27.12.2024;13:16:01.184;FGBS SI 20250306 PS;SIMPLE_INSTRUMENT;EFS;EUR;10;106.95500000;2187;EXCHANGE_LAST;;1;1;XEUR;11286681;690;
27.12.2024;14:46:39.657;FGBS SI 20250306 PS;SIMPLE_INSTRUMENT;EFP_FIN;EUR;11;106.94500000;468;EXCHANGE_LAST;;1;1;XEUR;11286681;690;
27.12.2024;14:51:48.305;FGBS SI 20250306 PS;SIMPLE_INSTRUMENT;EFS;EUR;12;106.94000000;2734;EXCHANGE_LAST;;1;1;XEUR;11286681;690;
27.12.2024;15:18:35.225;FGBS SI 20250306 PS;SIMPLE_INSTRUMENT;EFP_FIN;EUR;13;106.96000000;658;EXCHANGE_LAST;;1;1;XEUR;11286681;690;
27.12.2024;15:18:38.351;FGBS SI 20250306 PS;SIMPLE_INSTRUMENT;EFP_FIN;EUR;14;106.96000000;66;EXCHANGE_LAST;;1;1;XEUR;11286681;690;
27.12.2024;15:53:51.532;FGBS SI 20250306 PS;SIMPLE_INSTRUMENT;EFS;EUR;15;106.96000000;1300;EXCHANGE_LAST;;1;1;XEUR;11286681;690;
27.12.2024;16:35:56.353;FGBS SI 20250306 PS;SIMPLE_INSTRUMENT;EFP_FIN;EUR;16;106.95000000;898;EXCHANGE_LAST;;1;1;XEUR;11286681;690;
27.12.2024;08:13:03.226;FGBX SI 20250306 PS;SIMPLE_INSTRUMENT;EFS;EUR;1;131.88000000;88;EXCHANGE_LAST;;1;1;XEUR;11286682;691;
27.12.2024;09:23:14.318;FGBX SI 20250306 PS;SIMPLE_INSTRUMENT;BLOCK;EUR;3;131.62000000;385;EXCHANGE_LAST;;1;1;XEUR;11286682;691;
27.12.2024;09:44:06.953;FGBX SI 20250306 PS;SIMPLE_INSTRUMENT;EFS;EUR;4;131.66000000;87;EXCHANGE_LAST;;1;1;XEUR;11286682;691;
27.12.2024;11:00:02.679;FGBX SI 20250306 PS;SIMPLE_INSTRUMENT;EFS;EUR;9;131.34000000;171;EXCHANGE_LAST;;1;1;XEUR;11286682;691;
27.12.2024;12:18:40.791;FGBX SI 20250306 PS;SIMPLE_INSTRUMENT;BLOCK;EUR;12;131.46000000;532;EXCHANGE_LAST;;1;1;XEUR;11286682;691;
27.12.2024;12:25:38.488;FGBX SI 20250306 PS;SIMPLE_INSTRUMENT;EFS;EUR;13;131.58000000;532;EXCHANGE_LAST;;1;1;XEUR;11286682;691;
27.12.2024;13:10:36.217;FGBX SI 20250306 PS;SIMPLE_INSTRUMENT;EFP_FIN;EUR;14;131.74000000;366;EXCHANGE_LAST;;1;1;XEUR;11286682;691;
27.12.2024;07:34:04.117;FMAE SI 20250321 CS;SIMPLE_INSTRUMENT;EFP_IDX;EUR;12;419.79300000;4367;EXCHANGE_LAST;;1;1;XEUR;7590772;48921;
27.12.2024;07:39:52.676;FMAE SI 20250321 CS;SIMPLE_INSTRUMENT;EFP_IDX;EUR;13;419.52200000;500;EXCHANGE_LAST;;1;1;XEUR;7590772;48921;
27.12.2024;02:14:50.358;FMAU SI 20250321 CS;SIMPLE_INSTRUMENT;BLOCK;USD;2;5656.33500000;20;EXCHANGE_LAST;;1;1;XEUR;7590511;45287;
27.12.2024;16:51:21.058;FMCP SI 20250321 CS;SIMPLE_INSTRUMENT;EFP_IDX;EUR;15;535.10000000;383;EXCHANGE_LAST;;1;1;XEUR;11359149;662;
27.12.2024;16:51:40.359;FMCP SI 20250321 CS;SIMPLE_INSTRUMENT;EFP_IDX;EUR;16;535.20000000;42;EXCHANGE_LAST;;1;1;XEUR;11359149;662;
27.12.2024;03:17:55.106;FMEA SI 20250321 CS;SIMPLE_INSTRUMENT;BLOCK;USD;5;697.50100000;144;EXCHANGE_LAST;;1;1;XEUR;7589834;12395;
27.12.2024;07:48:48.312;FMEN SI 20250321 CS;SIMPLE_INSTRUMENT;BLOCK;EUR;15;525.77100000;51;EXCHANGE_LAST;;1;1;XEUR;7590212;30652;
27.12.2024;08:31:58.027;FMGD SI 20250321 CS;SIMPLE_INSTRUMENT;EFP_IDX;USD;18;2724.15000000;4934;EXCHANGE_LAST;;1;1;XEUR;8609343;583624;
27.12.2024;16:17:50.811;FMGO SI 20250321 CS;SIMPLE_INSTRUMENT;BLOCK;USD;21;5185.00000000;134;EXCHANGE_LAST;;1;1;XEUR;8609359;583623;
27.12.2024;03:05:42.339;FMIN SI 20250321 CS;SIMPLE_INSTRUMENT;BLOCK;USD;4;1274.76600000;55;EXCHANGE_LAST;;1;1;XEUR;7589865;12404;
27.12.2024;03:37:11.651;FMIN SI 20250321 CS;SIMPLE_INSTRUMENT;BLOCK;USD;6;1275.14400000;725;EXCHANGE_LAST;;1;1;XEUR;7589865;12404;
27.12.2024;04:01:06.919;FMIN SI 20250321 CS;SIMPLE_INSTRUMENT;BLOCK;USD;7;1275.36400000;410;EXCHANGE_LAST;;3;1;XEUR;7589865;12404;
27.12.2024;04:15:02.133;FMIN SI 20250321 CS;SIMPLE_INSTRUMENT;BLOCK;USD;9;1275.27000000;395;EXCHANGE_LAST;;1;1;XEUR;7589865;12404;
27.12.2024;05:49:55.535;FMIN SI 20250321 CS;SIMPLE_INSTRUMENT;BLOCK;USD;10;1275.36400000;65;EXCHANGE_LAST;;1;1;XEUR;7589865;12404;
27.12.2024;05:50:35.160;FMIN SI 20250321 CS;SIMPLE_INSTRUMENT;BLOCK;USD;11;1274.76600000;80;EXCHANGE_LAST;;1;1;XEUR;7589865;12404;
27.12.2024;08:17:08.746;FMIN SI 20250321 CS;SIMPLE_INSTRUMENT;BLOCK;USD;16;1278.43500000;40;EXCHANGE_LAST;;1;1;XEUR;7589865;12404;
27.12.2024;01:09:14.914;FMJP SI 20250321 CS;SIMPLE_INSTRUMENT;BLOCK;USD;1;8546.35400000;595;EXCHANGE_LAST;;1;1;XEUR;7588794;661;
27.12.2024;02:19:26.474;FMJP SI 20250321 CS;SIMPLE_INSTRUMENT;BLOCK;USD;3;8518.39800000;50;EXCHANGE_LAST;;1;1;XEUR;7588794;661;
27.12.2024;08:32:08.606;FMQA SI 20250321 CS;SIMPLE_INSTRUMENT;BLOCK;USD;1;1704.19500000;36;EXCHANGE_LAST;;1;1;XEUR;7590508;45285;
27.12.2024;08:14:02.537;FMWN SI 20250321 CS;SIMPLE_INSTRUMENT;BLOCK;EUR;17;588.49000000;850;EXCHANGE_LAST;;1;1;XEUR;7590222;30654;
27.12.2024;07:43:19.806;FMWO SI 20250321 CS;SIMPLE_INSTRUMENT;EFP_IDX;USD;14;11999.35000000;130;EXCHANGE_LAST;;1;1;XEUR;7589707;7059;
27.12.2024;10:06:41.323;FMXG SI 20250321 CS;SIMPLE_INSTRUMENT;BLOCK;EUR;20;355.98000000;2441;EXCHANGE_LAST;;1;1;XEUR;7591194;124306;
27.12.2024;09:14:01.473;FMXJ SI 20250321 CS;SIMPLE_INSTRUMENT;BLOCK;USD;19;586.35400000;20;EXCHANGE_LAST;;1;1;XEUR;7590866;51660;
27.12.2024;08:12:05.982;FOAT SI 20250306 PS;SIMPLE_INSTRUMENT;EFS;EUR;1;123.30000000;272;EXCHANGE_LAST;;1;1;XEUR;11286683;749;
27.12.2024;09:41:06.583;FOAT SI 20250306 PS;SIMPLE_INSTRUMENT;BLOCK;EUR;4;123.24000000;390;EXCHANGE_LAST;;1;1;XEUR;11286683;749;
27.12.2024;12:17:24.211;FOAT SI 20250306 PS;SIMPLE_INSTRUMENT;EFP_FIN;EUR;5;123.10000000;1668;EXCHANGE_LAST;;1;1;XEUR;11286683;749;
27.12.2024;12:41:05.723;FOAT SI 20250306 PS;SIMPLE_INSTRUMENT;EFP_FIN;EUR;6;123.05000000;501;EXCHANGE_LAST;;1;1;XEUR;11286683;749;
27.12.2024;14:41:08.114;FOAT SI 20250306 PS;SIMPLE_INSTRUMENT;EFP_FIN;EUR;7;123.34000000;125;EXCHANGE_LAST;;1;1;XEUR;11286683;749;
27.12.2024;15:59:27.044;FOAT SI 20250306 PS;SIMPLE_INSTRUMENT;EFP_FIN;EUR;8;123.34000000;667;EXCHANGE_LAST;;1;1;XEUR;11286683;749;
27.12.2024;16:35:56.332;FOAT SI 20250306 PS;SIMPLE_INSTRUMENT;EFP_FIN;EUR;9;123.26000000;88;EXCHANGE_LAST;;1;1;XEUR;11286683;749;
27.12.2024;16:47:23.559;FSEG SI 20250321 CS;SIMPLE_INSTRUMENT;EFP_IDX;EUR;13;188.80000000;121;EXCHANGE_LAST;;1;1;XEUR;11393888;109977;
27.12.2024;16:47:43.018;FSEG SI 20250321 CS;SIMPLE_INSTRUMENT;EFP_IDX;EUR;14;189.00000000;148;EXCHANGE_LAST;;1;1;XEUR;11393888;109977;
27.12.2024;16:43:22.627;FSTL SI 20250321 CS;SIMPLE_INSTRUMENT;EFP_IDX;EUR;11;125.60000000;642;EXCHANGE_LAST;;1;1;XEUR;11359767;706;
27.12.2024;16:43:38.597;FSTL SI 20250321 CS;SIMPLE_INSTRUMENT;EFP_IDX;EUR;12;126.70000000;134;EXCHANGE_LAST;;1;1;XEUR;11359767;706;
27.12.2024;16:54:11.486;FSTL SI 20250321 CS;SIMPLE_INSTRUMENT;EFP_IDX;EUR;17;125.90000000;174;EXCHANGE_LAST;;1;1;XEUR;11359767;706;
27.12.2024;16:54:24.319;FSTL SI 20250321 CS;SIMPLE_INSTRUMENT;EFP_IDX;EUR;18;125.80000000;145;EXCHANGE_LAST;;1;1;XEUR;11359767;706;
27.12.2024;16:41:48.313;FSTO SI 20250321 CS;SIMPLE_INSTRUMENT;EFP_IDX;EUR;1;636.30000000;225;EXCHANGE_LAST;;1;1;XEUR;11359792;711;
27.12.2024;16:41:59.632;FSTO SI 20250321 CS;SIMPLE_INSTRUMENT;EFP_IDX;EUR;2;636.50000000;275;EXCHANGE_LAST;;1;1;XEUR;11359792;711;
27.12.2024;16:43:46.429;FSTX SI 20250321 CS;SIMPLE_INSTRUMENT;BLOCK;EUR;9;4316.00000000;590;EXCHANGE_LAST;;1;1;XEUR;11359814;728;
27.12.2024;16:43:32.428;FSTX SI 20250321 CS;SIMPLE_INSTRUMENT;BLOCK;EUR;10;4315.00000000;410;EXCHANGE_LAST;;1;1;XEUR;11359814;728;
27.12.2024;12:44:12.180;GAD.O.241227.BER.000001;STANDARD_OPTION_STRATEGY;BLOCK;CHF;5;1.45000000;1000;EXCHANGE_LAST;;1;1;XEUR;75640391331743730;834185;
27.12.2024;12:44:12.180;GAD SI 20250117 PS AM P 100.00 0;SIMPLE_INSTRUMENT;BLOCK;CHF;5;1.81000000;1000;PRC_DECOMP_EXCHANGE;;;;XEUR;12118791;834185;EXCHANGE
27.12.2024;12:44:12.180;GAD SI 20250117 PS AM P 94.00 0;SIMPLE_INSTRUMENT;BLOCK;CHF;5;0.36000000;1000;PRC_DECOMP_EXCHANGE;;;;XEUR;12118797;834185;EXCHANGE
27.12.2024;13:00:38.593;HELN SI 20251219 PS AM P 100.00 0;SIMPLE_INSTRUMENT;BLOCK;CHF;6;0.97000000;2000;EXCHANGE_LAST;;1;1;XEUR;10407195;838;
27.12.2024;13:01:19.813;HELN SI 20261218 PS AM P 120.00 0;SIMPLE_INSTRUMENT;BLOCK;CHF;7;5.71000000;2000;EXCHANGE_LAST;;1;1;XEUR;12443666;838;
27.12.2024;10:48:13.739;HMI SI 20251219 PS AM P 2000.00 0;SIMPLE_INSTRUMENT;BLOCK;EUR;2;97.50000000;50;EXCHANGE_LAST;;1;1;XEUR;11114354;950;
27.12.2024;08:31:44.483;IFX SI 20250110 PS AM C 33.00 0;SIMPLE_INSTRUMENT;BLOCK;EUR;1;0.26000000;3094;EXCHANGE_LAST;;1;1;XEUR;12340670;902;
27.12.2024;08:49:38.904;ISPA SI 20250117 PS AM C 23.40 0;SIMPLE_INSTRUMENT;BLOCK;EUR;1;0.21000000;4801;EXCHANGE_LAST;;1;1;XEUR;12077844;1004;
27.12.2024;10:57:00.434;KNIN.O.241227.BRT12.000002;STANDARD_OPTION_STRATEGY;BLOCK;CHF;4;-7.90000000;150;EXCHANGE_LAST;;1;1;XEUR;72062279847259698;1091;
27.12.2024;10:57:00.434;KNIN SI 20261218 PS AM P 180.00 0;SIMPLE_INSTRUMENT;BLOCK;CHF;4;17.02000000;150;PRC_DECOMP_EXCHANGE;;;;XEUR;12448011;1091;EXCHANGE
27.12.2024;10:57:00.434;KNIN SI 20250117 PS AM P 220.00 0;SIMPLE_INSTRUMENT;BLOCK;CHF;4;12.46000000;300;PRC_DECOMP_EXCHANGE;;;;XEUR;12078891;1091;EXCHANGE
27.12.2024;09:23:49.767;MUV2 SI 20250321 PS AM P 520.00 0;SIMPLE_INSTRUMENT;BLOCK;EUR;1;37.62000000;300;EXCHANGE_LAST;;1;1;XEUR;10848678;1234;
27.12.2024;10:40:33.118;OBTP.O.241227.BER.000009;STANDARD_OPTION_STRATEGY;BLOCK;EUR;28;0.88000000;200;EXCHANGE_LAST;;1;1;XEUR;72310189654565722;58812;
27.12.2024;10:40:33.118;OBTP SI 20250124 PS AM P 121.50 0;SIMPLE_INSTRUMENT;BLOCK;EUR;28;2.31000000;200;PRC_DECOMP_EXCHANGE;;;;XEUR;12143739;58812;EXCHANGE
27.12.2024;10:40:33.118;OBTP SI 20250124 PS AM P 122.50 0;SIMPLE_INSTRUMENT;BLOCK;EUR;28;3.19000000;200;PRC_DECOMP_EXCHANGE;;;;XEUR;12143743;58812;EXCHANGE
27.12.2024;10:40:58.120;OBTP.O.241227.BER.000009;STANDARD_OPTION_STRATEGY;BLOCK;EUR;29;0.89000000;200;EXCHANGE_LAST;;1;1;XEUR;72310189654565722;58812;
27.12.2024;10:40:58.120;OBTP SI 20250124 PS AM P 122.50 0;SIMPLE_INSTRUMENT;BLOCK;EUR;29;3.19000000;200;PRC_DECOMP_EXCHANGE;;;;XEUR;12143743;58812;EXCHANGE
27.12.2024;10:40:58.120;OBTP SI 20250124 PS AM P 121.50 0;SIMPLE_INSTRUMENT;BLOCK;EUR;29;2.30000000;200;PRC_DECOMP_EXCHANGE;;;;XEUR;12143739;58812;EXCHANGE
27.12.2024;11:00:08.729;ODAX.O.241227.BRT.000155;STANDARD_OPTION_STRATEGY;BLOCK;EUR;1;-17.30000000;800;EXCHANGE_LAST;;1;1;XEUR;72062644920398116;1176;
27.12.2024;11:00:08.729;ODAX SI 20250103 CS EU P 20300 0;SIMPLE_INSTRUMENT;BLOCK;EUR;1;373.50000000;800;PRC_DECOMP_EXCHANGE;;;;XEUR;12314577;1176;EXCHANGE
27.12.2024;11:00:08.729;ODAX SI 20241227 CS EU P 20300 0;SIMPLE_INSTRUMENT;BLOCK;EUR;1;390.80000000;800;PRC_DECOMP_EXCHANGE;;;;XEUR;12250418;1176;EXCHANGE
27.12.2024;11:01:08.033;ODAX.O.241227.BRT.000153;STANDARD_OPTION_STRATEGY;BLOCK;EUR;2;15.00000000;2000;EXCHANGE_LAST;;1;2;XEUR;72062644920398114;1176;
27.12.2024;11:01:08.033;ODAX SI 20250103 CS EU P 20100 0;SIMPLE_INSTRUMENT;BLOCK;EUR;2;213.50000000;2000;PRC_DECOMP_EXCHANGE;;;;XEUR;12314487;1176;EXCHANGE
27.12.2024;11:01:08.033;ODAX SI 20241227 CS EU P 20100 0;SIMPLE_INSTRUMENT;BLOCK;EUR;2;198.50000000;2000;PRC_DECOMP_EXCHANGE;;;;XEUR;12250210;1176;EXCHANGE
27.12.2024;11:52:46.754;ODAX.O.241227.CDIA.000175;STANDARD_OPTION_STRATEGY;BLOCK;EUR;6;20.50000000;800;EXCHANGE_LAST;;1;1;XEUR;72062644920398136;1176;
27.12.2024;11:52:46.754;ODAX SI 20250103 CS EU C 20100 0;SIMPLE_INSTRUMENT;BLOCK;EUR;6;40.50000000;800;PRC_DECOMP_EXCHANGE;;;;XEUR;12314493;1176;EXCHANGE
27.12.2024;11:52:46.754;ODAX SI 20241227 CS EU C 19900 0;SIMPLE_INSTRUMENT;BLOCK;EUR;6;20.00000000;800;PRC_DECOMP_EXCHANGE;;;;XEUR;12250285;1176;EXCHANGE
27.12.2024;11:47:41.087;ODAX.V.241227.CNV-U.000174;OPTION_VOLATILITY_STRATEGY;BLOCK;EUR;671088643;-162.50000000;6;EXCHANGE_LAST;;1;1;XEUR;72062644920398135;1176;
27.12.2024;11:47:41.087;ODAX SI 20241227 CS EU P 20000 0;SIMPLE_INSTRUMENT;BLOCK;EUR;671088643;162.60000000;750;PRC_DECOMP_EXCHANGE;;;;XEUR;12250146;1176;EXCHANGE
27.12.2024;11:47:41.087;FDAX SI 20250321 CS;SIMPLE_INSTRUMENT;BLOCK;EUR;671088643;20000.00000000;150;PRC_DECOMP_EXCHANGE;;;;XEUR;7561255;1176;EXCHANGE
27.12.2024;11:47:41.087;ODAX SI 20241227 CS EU C 20000 0;SIMPLE_INSTRUMENT;BLOCK;EUR;671088643;0.10000000;750;PRC_DECOMP_EXCHANGE;;;;XEUR;12250164;1176;EXCHANGE
27.12.2024;11:53:00.069;ODAX.V.241227.CNV-U.000174;OPTION_VOLATILITY_STRATEGY;BLOCK;EUR;671088644;-162.50000000;6;EXCHANGE_LAST;;1;1;XEUR;72062644920398135;1176;
27.12.2024;11:53:00.069;ODAX SI 20241227 CS EU C 20000 0;SIMPLE_INSTRUMENT;BLOCK;EUR;671088644;0.10000000;750;PRC_DECOMP_EXCHANGE;;;;XEUR;12250164;1176;EXCHANGE
27.12.2024;11:53:00.069;FDAX SI 20250321 CS;SIMPLE_INSTRUMENT;BLOCK;EUR;671088644;20000.00000000;150;PRC_DECOMP_EXCHANGE;;;;XEUR;7561255;1176;EXCHANGE
27.12.2024;11:53:00.069;ODAX SI 20241227 CS EU P 20000 0;SIMPLE_INSTRUMENT;BLOCK;EUR;671088644;162.60000000;750;PRC_DECOMP_EXCHANGE;;;;XEUR;12250146;1176;EXCHANGE
27.12.2024;12:31:46.079;ODAX.V.241227.RBER-U.000179;OPTION_VOLATILITY_STRATEGY;BLOCK;EUR;671088647;-51.20000000;2;EXCHANGE_LAST;;1;1;XEUR;72062644920398140;1176;
27.12.2024;12:31:46.079;ODAX SI 20250321 CS EU P 18700 0;SIMPLE_INSTRUMENT;BLOCK;EUR;671088647;175.20000000;1000;PRC_DECOMP_EXCHANGE;;;;XEUR;10817051;1176;EXCHANGE
27.12.2024;12:31:46.079;ODAX SI 20250321 CS EU P 17000 0;SIMPLE_INSTRUMENT;BLOCK;EUR;671088647;62.00000000;2000;PRC_DECOMP_EXCHANGE;;;;XEUR;9010437;1176;EXCHANGE
27.12.2024;12:31:46.079;FDAX SI 20250321 CS;SIMPLE_INSTRUMENT;BLOCK;EUR;671088647;20104.00000000;14;PRC_DECOMP_EXCHANGE;;;;XEUR;7561255;1176;EXCHANGE
27.12.2024;12:32:13.986;ODAX.V.241227.RBER-U.000179;OPTION_VOLATILITY_STRATEGY;BLOCK;EUR;671088648;-51.30000000;2;EXCHANGE_LAST;;1;1;XEUR;72062644920398140;1176;
27.12.2024;12:32:13.986;ODAX SI 20250321 CS EU P 18700 0;SIMPLE_INSTRUMENT;BLOCK;EUR;671088648;175.30000000;1000;PRC_DECOMP_EXCHANGE;;;;XEUR;10817051;1176;EXCHANGE
27.12.2024;12:32:13.986;ODAX SI 20250321 CS EU P 17000 0;SIMPLE_INSTRUMENT;BLOCK;EUR;671088648;62.00000000;2000;PRC_DECOMP_EXCHANGE;;;;XEUR;9010437;1176;EXCHANGE
27.12.2024;12:32:13.986;FDAX SI 20250321 CS;SIMPLE_INSTRUMENT;BLOCK;EUR;671088648;20104.00000000;14;PRC_DECOMP_EXCHANGE;;;;XEUR;7561255;1176;EXCHANGE
27.12.2024;13:57:05.661;OESB.O.241227.STD.000010;STANDARD_OPTION_STRATEGY;BLOCK;EUR;10;5.35000000;6000;EXCHANGE_LAST;;1;1;XEUR;72062726523976665;1195;
27.12.2024;13:57:05.661;OESB SI 20250117 CS EU C 145.0 0;SIMPLE_INSTRUMENT;BLOCK;EUR;10;2.50000000;6000;PRC_DECOMP_EXCHANGE;;;;XEUR;12081147;1195;EXCHANGE
27.12.2024;13:57:05.661;OESB SI 20250117 CS EU P 145.0 0;SIMPLE_INSTRUMENT;BLOCK;EUR;10;2.85000000;6000;PRC_DECOMP_EXCHANGE;;;;XEUR;12081148;1195;EXCHANGE
27.12.2024;16:21:00.931;OESB.V.241227.PUT+U.000011;OPTION_VOLATILITY_STRATEGY;BLOCK;EUR;603979789;1.15000000;120;EXCHANGE_LAST;;1;1;XEUR;72062726523976666;1195;
27.12.2024;16:21:00.931;OESB SI 20250117 CS EU P 140.0 0;SIMPLE_INSTRUMENT;BLOCK;EUR;603979789;1.15000000;12000;PRC_DECOMP_EXCHANGE;;;;XEUR;12080936;1195;EXCHANGE
27.12.2024;16:21:00.931;FESB SI 20250321 CS;SIMPLE_INSTRUMENT;BLOCK;EUR;603979789;145.00000000;2760;PRC_DECOMP_EXCHANGE;;;;XEUR;11359072;1195;EXCHANGE
27.12.2024;08:56:41.611;OESX.O.241227.BER.000120;STANDARD_OPTION_STRATEGY;BLOCK;EUR;2;8.80000000;1000;EXCHANGE_LAST;;1;1;XEUR;72062790950184358;1210;
27.12.2024;08:56:41.611;OESX SI 20250117 CS EU P 4700 0;SIMPLE_INSTRUMENT;BLOCK;EUR;2;19.40000000;1000;PRC_DECOMP_EXCHANGE;;;;XEUR;10416568;1210;EXCHANGE
27.12.2024;08:56:41.611;OESX SI 20250117 CS EU P 4600 0;SIMPLE_INSTRUMENT;BLOCK;EUR;2;10.60000000;1000;PRC_DECOMP_EXCHANGE;;;;XEUR;10416542;1210;EXCHANGE
27.12.2024;09:32:37.208;OESX SI 20250117 CS EU C 4900 0;SIMPLE_INSTRUMENT;BLOCK;EUR;8;53.40000000;1133;EXCHANGE_LAST;;1;1;XEUR;10416566;1210;
27.12.2024;09:35:30.376;OESX SI 20251219 CS EU P 3500 0;SIMPLE_INSTRUMENT;BLOCK;EUR;9;45.00000000;3000;EXCHANGE_LAST;;1;1;XEUR;1596378;1210;
27.12.2024;09:41:59.457;OESX SI 20250221 CS EU C 5000 0;SIMPLE_INSTRUMENT;BLOCK;EUR;13;54.70000000;2222;EXCHANGE_LAST;;1;1;XEUR;10575916;1210;
27.12.2024;09:44:24.444;OESX SI 20250919 CS EU P 4400 0;SIMPLE_INSTRUMENT;BLOCK;EUR;17;117.40000000;1155;EXCHANGE_LAST;;1;1;XEUR;8238255;1210;
27.12.2024;09:44:24.792;OESX SI 20250321 CS EU P 4100 0;SIMPLE_INSTRUMENT;BLOCK;EUR;18;16.00000000;1309;EXCHANGE_LAST;;1;1;XEUR;7798171;1210;
27.12.2024;09:44:25.748;OESX SI 20250321 CS EU P 4100 0;SIMPLE_INSTRUMENT;BLOCK;EUR;19;16.30000000;1925;EXCHANGE_LAST;;1;1;XEUR;7798171;1210;
27.12.2024;10:15:26.764;OESX SI 20250417 CS EU P 4400 0;SIMPLE_INSTRUMENT;BLOCK;EUR;21;43.50000000;1782;EXCHANGE_LAST;;1;1;XEUR;10849773;1210;
27.12.2024;10:41:47.786;OESX.O.241227.BER.000120;STANDARD_OPTION_STRATEGY;BLOCK;EUR;26;7.20000000;1000;EXCHANGE_LAST;;1;1;XEUR;72062790950184358;1210;
27.12.2024;10:41:47.786;OESX SI 20250117 CS EU P 4700 0;SIMPLE_INSTRUMENT;BLOCK;EUR;26;17.30000000;1000;PRC_DECOMP_EXCHANGE;;;;XEUR;10416568;1210;EXCHANGE
27.12.2024;10:41:47.786;OESX SI 20250117 CS EU P 4600 0;SIMPLE_INSTRUMENT;BLOCK;EUR;26;10.10000000;1000;PRC_DECOMP_EXCHANGE;;;;XEUR;10416542;1210;EXCHANGE
27.12.2024;11:00:31.090;OESX.O.241227.STG.000232;STANDARD_OPTION_STRATEGY;BLOCK;EUR;27;109.20000000;2650;EXCHANGE_LAST;;1;1;XEUR;72062790950184470;1210;
27.12.2024;11:00:31.090;OESX SI 20250321 CS EU P 4650 0;SIMPLE_INSTRUMENT;BLOCK;EUR;27;61.10000000;2650;PRC_DECOMP_EXCHANGE;;;;XEUR;10849721;1210;EXCHANGE
27.12.2024;11:00:31.090;OESX SI 20250321 CS EU C 5100 0;SIMPLE_INSTRUMENT;BLOCK;EUR;27;48.10000000;2650;PRC_DECOMP_EXCHANGE;;;;XEUR;8903915;1210;EXCHANGE
27.12.2024;11:11:16.344;OESX SI 20250117 CS EU C 5175 0;SIMPLE_INSTRUMENT;BLOCK;EUR;30;1.20000000;4113;EXCHANGE_LAST;;1;1;XEUR;11282759;1210;
27.12.2024;11:11:26.705;OESX SI 20250117 CS EU C 5175 0;SIMPLE_INSTRUMENT;BLOCK;EUR;31;1.00000000;5027;EXCHANGE_LAST;;1;1;XEUR;11282759;1210;
27.12.2024;11:32:06.802;OESX.N.241227.000258;NON_STANDARD_OPTION_STRATEGY;BLOCK;EUR;32;14.80000000;1450;EXCHANGE_LAST;;1;1;XEUR;72062790950184496;1210;
27.12.2024;11:32:06.802;OESX SI 20250110 CS EU P 4450 0;SIMPLE_INSTRUMENT;BLOCK;EUR;32;2.40000000;1450;PRC_DECOMP_EXCHANGE;;;;XEUR;12173180;1210;EXCHANGE
27.12.2024;11:32:06.802;OESX SI 20250110 CS EU P 4700 0;SIMPLE_INSTRUMENT;BLOCK;EUR;32;8.10000000;1450;PRC_DECOMP_EXCHANGE;;;;XEUR;12173083;1210;EXCHANGE
27.12.2024;11:32:06.802;OESX SI 20250110 CS EU P 4600 0;SIMPLE_INSTRUMENT;BLOCK;EUR;32;4.30000000;1450;PRC_DECOMP_EXCHANGE;;;;XEUR;12173092;1210;EXCHANGE
27.12.2024;13:28:31.812;OESX SI 20250124 CS EU C 4975 0;SIMPLE_INSTRUMENT;BLOCK;EUR;38;33.10000000;1940;EXCHANGE_LAST;;1;1;XEUR;12252258;1210;
27.12.2024;14:01:16.918;OESX SI 20250321 CS EU P 4500 0;SIMPLE_INSTRUMENT;BLOCK;EUR;42;38.70000000;1300;EXCHANGE_LAST;;1;1;XEUR;7798492;1210;
27.12.2024;14:23:12.124;OESX SI 20250117 CS EU P 4900 0;SIMPLE_INSTRUMENT;BLOCK;EUR;45;67.30000000;1000;EXCHANGE_LAST;;1;1;XEUR;10415898;1210;
27.12.2024;14:43:12.166;OESX.N.241227.000345;NON_STANDARD_OPTION_STRATEGY;BLOCK;EUR;48;72.90000000;820;EXCHANGE_LAST;;1;1;XEUR;72062790950184583;1210;
27.12.2024;14:43:12.166;OESX SI 20250620 CS EU P 4500 0;SIMPLE_INSTRUMENT;BLOCK;EUR;48;98.10000000;5740;PRC_DECOMP_MEMBER;;;;XEUR;7798342;1210;MEMBER
27.12.2024;14:43:12.166;OESX SI 20251219 CS EU P 4400 0;SIMPLE_INSTRUMENT;BLOCK;EUR;48;150.70000000;4920;PRC_DECOMP_MEMBER;;;;XEUR;2413964;1210;MEMBER
27.12.2024;14:43:12.166;OESX SI 20251219 CS EU P 3600 0;SIMPLE_INSTRUMENT;BLOCK;EUR;48;48.40000000;4920;PRC_DECOMP_MEMBER;;;;XEUR;1596380;1210;MEMBER
27.12.2024;14:44:42.703;OESX SI 20250110 CS EU P 4050 0;SIMPLE_INSTRUMENT;BLOCK;EUR;49;0.80000000;1659;EXCHANGE_LAST;;1;1;XEUR;12173051;1210;
27.12.2024;14:45:08.791;OESX SI 20250110 CS EU P 4250 0;SIMPLE_INSTRUMENT;BLOCK;EUR;50;1.00000000;1506;EXCHANGE_LAST;;1;1;XEUR;12173145;1210;
27.12.2024;14:45:34.031;OESX SI 20250110 CS EU P 4450 0;SIMPLE_INSTRUMENT;BLOCK;EUR;51;2.40000000;1374;EXCHANGE_LAST;;1;1;XEUR;12173180;1210;
27.12.2024;14:46:01.032;OESX SI 20250110 CS EU P 4650 0;SIMPLE_INSTRUMENT;BLOCK;EUR;52;5.70000000;1258;EXCHANGE_LAST;;1;1;XEUR;12173087;1210;
27.12.2024;14:46:30.880;OESX SI 20250110 CS EU P 4850 0;SIMPLE_INSTRUMENT;BLOCK;EUR;53;33.30000000;1158;EXCHANGE_LAST;;1;1;XEUR;12173114;1210;
27.12.2024;14:46:59.835;OESX SI 20250110 CS EU C 5050 0;SIMPLE_INSTRUMENT;BLOCK;EUR;55;2.00000000;1066;EXCHANGE_LAST;;1;1;XEUR;12173292;1210;
27.12.2024;14:57:06.331;OESX SI 20251219 CS EU P 4950 0;SIMPLE_INSTRUMENT;BLOCK;EUR;56;332.80000000;1000;EXCHANGE_LAST;;1;1;XEUR;10755093;1210;
27.12.2024;08:54:33.259;OESX.V.241227.CNV-U.000086;OPTION_VOLATILITY_STRATEGY;BLOCK;EUR;637534209;-21.00000000;15;EXCHANGE_LAST;;1;1;XEUR;72062790950184324;1210;
27.12.2024;08:54:33.259;OESX SI 20241227 CS EU P 4875 0;SIMPLE_INSTRUMENT;BLOCK;EUR;637534209;23.00000000;1500;PRC_DECOMP_MEMBER;;;;XEUR;12082024;1210;MEMBER
27.12.2024;08:54:33.259;FESX SI 20250321 CS;SIMPLE_INSTRUMENT;BLOCK;EUR;637534209;4875.00000000;1500;PRC_DECOMP_MEMBER;;;;XEUR;7793482;1210;MEMBER
27.12.2024;08:54:33.259;OESX SI 20241227 CS EU C 4875 0;SIMPLE_INSTRUMENT;BLOCK;EUR;637534209;2.00000000;1500;PRC_DECOMP_MEMBER;;;;XEUR;12082027;1210;MEMBER
27.12.2024;09:19:41.842;OESX.V.241227.CNV-U.000086;OPTION_VOLATILITY_STRATEGY;BLOCK;EUR;637534211;-21.00000000;15;EXCHANGE_LAST;;1;1;XEUR;72062790950184324;1210;
27.12.2024;09:19:41.842;OESX SI 20241227 CS EU P 4875 0;SIMPLE_INSTRUMENT;BLOCK;EUR;637534211;23.00000000;1500;PRC_DECOMP_MEMBER;;;;XEUR;12082024;1210;MEMBER
27.12.2024;09:19:41.842;OESX SI 20241227 CS EU C 4875 0;SIMPLE_INSTRUMENT;BLOCK;EUR;637534211;2.00000000;1500;PRC_DECOMP_MEMBER;;;;XEUR;12082027;1210;MEMBER
27.12.2024;09:19:41.842;FESX SI 20250321 CS;SIMPLE_INSTRUMENT;BLOCK;EUR;637534211;4875.00000000;1500;PRC_DECOMP_MEMBER;;;;XEUR;7793482;1210;MEMBER
27.12.2024;09:09:01.963;OESX.V.241227.BLT-U.000123;OPTION_VOLATILITY_STRATEGY;BLOCK;EUR;637534212;32.00000000;15;EXCHANGE_LAST;;1;1;XEUR;72062790950184361;1210;
27.12.2024;09:09:01.963;OESX SI 20250103 CS EU C 4900 0;SIMPLE_INSTRUMENT;BLOCK;EUR;637534212;17.00000000;1500;PRC_DECOMP_MEMBER;;;;XEUR;12141661;1210;MEMBER
27.12.2024;09:09:01.963;FESX SI 20250321 CS;SIMPLE_INSTRUMENT;BLOCK;EUR;637534212;4887.00000000;150;PRC_DECOMP_MEMBER;;;;XEUR;7793482;1210;MEMBER
27.12.2024;09:09:01.963;OESX SI 20250117 CS EU C 4900 0;SIMPLE_INSTRUMENT;BLOCK;EUR;637534212;49.00000000;1500;PRC_DECOMP_MEMBER;;;;XEUR;10416566;1210;MEMBER
27.12.2024;09:14:49.260;OESX.V.241227.CNV-U.000086;OPTION_VOLATILITY_STRATEGY;BLOCK;EUR;637534213;-21.00000000;12;EXCHANGE_LAST;;1;1;XEUR;72062790950184324;1210;
27.12.2024;09:14:49.260;FESX SI 20250321 CS;SIMPLE_INSTRUMENT;BLOCK;EUR;637534213;4875.00000000;1200;PRC_DECOMP_EXCHANGE;;;;XEUR;7793482;1210;EXCHANGE
27.12.2024;09:14:49.260;OESX SI 20241227 CS EU P 4875 0;SIMPLE_INSTRUMENT;BLOCK;EUR;637534213;21.10000000;1200;PRC_DECOMP_EXCHANGE;;;;XEUR;12082024;1210;EXCHANGE
27.12.2024;09:14:49.260;OESX SI 20241227 CS EU C 4875 0;SIMPLE_INSTRUMENT;BLOCK;EUR;637534213;0.10000000;1200;PRC_DECOMP_EXCHANGE;;;;XEUR;12082027;1210;EXCHANGE
27.12.2024;09:28:33.215;OESX.V.241227.BUL-U.000131;OPTION_VOLATILITY_STRATEGY;BLOCK;EUR;637534214;1.30000000;15;EXCHANGE_LAST;;1;1;XEUR;72062790950184369;1210;
27.12.2024;09:28:33.215;OESX SI 20241230 CS EU C 4925 0;SIMPLE_INSTRUMENT;BLOCK;EUR;637534214;1.90000000;1500;PRC_DECOMP_MEMBER;;;;XEUR;12007914;1210;MEMBER
27.12.2024;09:28:33.215;FESX SI 20250321 CS;SIMPLE_INSTRUMENT;BLOCK;EUR;637534214;4890.00000000;150;PRC_DECOMP_MEMBER;;;;XEUR;7793482;1210;MEMBER
27.12.2024;09:28:33.215;OESX SI 20241230 CS EU C 4975 0;SIMPLE_INSTRUMENT;BLOCK;EUR;637534214;0.60000000;1500;PRC_DECOMP_MEMBER;;;;XEUR;12007918;1210;MEMBER
27.12.2024;09:39:19.360;OESX.V.241227.PBUS+U.000134;OPTION_VOLATILITY_STRATEGY;BLOCK;EUR;637534218;48.30000000;22;EXCHANGE_LAST;;1;1;XEUR;72062790950184372;1210;
27.12.2024;09:39:19.360;FESX SI 20250321 CS;SIMPLE_INSTRUMENT;BLOCK;EUR;637534218;4890.00000000;946;PRC_DECOMP_EXCHANGE;;;;XEUR;7793482;1210;EXCHANGE
27.12.2024;09:39:19.360;OESX SI 20241227 CS EU P 4850 0;SIMPLE_INSTRUMENT;BLOCK;EUR;637534218;2.30000000;2200;PRC_DECOMP_EXCHANGE;;;;XEUR;12082026;1210;EXCHANGE
27.12.2024;09:39:19.360;OESX SI 20241227 CS EU P 4925 0;SIMPLE_INSTRUMENT;BLOCK;EUR;637534218;46.10000000;2200;PRC_DECOMP_EXCHANGE;;;;XEUR;12081993;1210;EXCHANGE
27.12.2024;09:39:19.360;OESX SI 20241227 CS EU P 4875 0;SIMPLE_INSTRUMENT;BLOCK;EUR;637534218;0.10000000;2200;PRC_DECOMP_EXCHANGE;;;;XEUR;12082024;1210;EXCHANGE
27.12.2024;09:41:28.716;OESX.V.241227.BER+U.000146;OPTION_VOLATILITY_STRATEGY;BLOCK;EUR;637534220;4.30000000;12;EXCHANGE_LAST;;1;1;XEUR;72062790950184384;1210;
27.12.2024;09:41:28.716;OESX SI 20250103 CS EU P 4425 0;SIMPLE_INSTRUMENT;BLOCK;EUR;637534220;0.80000000;1200;PRC_DECOMP_MEMBER;;;;XEUR;12141554;1210;MEMBER
27.12.2024;09:41:28.716;OESX SI 20250103 CS EU P 4775 0;SIMPLE_INSTRUMENT;BLOCK;EUR;637534220;5.10000000;1200;PRC_DECOMP_MEMBER;;;;XEUR;12141538;1210;MEMBER
27.12.2024;09:41:28.716;FESX SI 20250321 CS;SIMPLE_INSTRUMENT;BLOCK;EUR;637534220;4900.00000000;144;PRC_DECOMP_MEMBER;;;;XEUR;7793482;1210;MEMBER
27.12.2024;09:42:22.324;OESX.V.241227.BUL-U.000147;OPTION_VOLATILITY_STRATEGY;BLOCK;EUR;637534222;126.10000000;8;EXCHANGE_LAST;;1;1;XEUR;72062790950184385;1210;
27.12.2024;09:42:22.324;FESX SI 20250321 CS;SIMPLE_INSTRUMENT;BLOCK;EUR;637534222;4897.00000000;744;PRC_DECOMP_EXCHANGE;;;;XEUR;7793482;1210;EXCHANGE
27.12.2024;09:42:22.324;OESX SI 20250620 CS EU C 5500 0;SIMPLE_INSTRUMENT;BLOCK;EUR;637534222;12.30000000;2000;PRC_DECOMP_EXCHANGE;;;;XEUR;9746591;1210;EXCHANGE
27.12.2024;09:42:22.324;OESX SI 20250620 CS EU C 4950 0;SIMPLE_INSTRUMENT;BLOCK;EUR;637534222;138.40000000;2000;PRC_DECOMP_EXCHANGE;;;;XEUR;10933311;1210;EXCHANGE
27.12.2024;09:43:50.531;OESX.V.241227.CALL-U.000149;OPTION_VOLATILITY_STRATEGY;BLOCK;EUR;637534223;83.50000000;3;EXCHANGE_LAST;;1;1;XEUR;72062790950184387;1210;
27.12.2024;09:43:50.531;OESX SI 20250919 CS EU C 5250 0;SIMPLE_INSTRUMENT;BLOCK;EUR;637534223;83.50000000;1155;PRC_DECOMP_EXCHANGE;;;;XEUR;11890788;1210;EXCHANGE
27.12.2024;09:43:50.531;FESX SI 20250321 CS;SIMPLE_INSTRUMENT;BLOCK;EUR;637534223;4898.00000000;345;PRC_DECOMP_EXCHANGE;;;;XEUR;7793482;1210;EXCHANGE
27.12.2024;10:11:28.756;OESX.V.241227.CDIA-U.000153;OPTION_VOLATILITY_STRATEGY;BLOCK;EUR;637534228;29.70000000;15;EXCHANGE_LAST;;1;1;XEUR;72062790950184391;1210;
27.12.2024;10:11:28.756;FESX SI 20250321 CS;SIMPLE_INSTRUMENT;BLOCK;EUR;637534228;4900.00000000;315;PRC_DECOMP_EXCHANGE;;;;XEUR;7793482;1210;EXCHANGE
27.12.2024;10:11:28.756;OESX SI 20241230 CS EU C 4925 0;SIMPLE_INSTRUMENT;BLOCK;EUR;637534228;4.90000000;1500;PRC_DECOMP_EXCHANGE;;;;XEUR;12007914;1210;EXCHANGE
27.12.2024;10:11:28.756;OESX SI 20250117 CS EU C 4950 0;SIMPLE_INSTRUMENT;BLOCK;EUR;637534228;34.60000000;1500;PRC_DECOMP_EXCHANGE;;;;XEUR;10575807;1210;EXCHANGE
27.12.2024;10:28:34.526;OESX.V.241227.PUT+U.000189;OPTION_VOLATILITY_STRATEGY;BLOCK;EUR;637534232;79.20000000;30;EXCHANGE_LAST;;1;1;XEUR;72062790950184427;1210;
27.12.2024;10:28:34.526;FESX SI 20250321 CS;SIMPLE_INSTRUMENT;BLOCK;EUR;637534232;4910.00000000;630;PRC_DECOMP_EXCHANGE;;;;XEUR;7793482;1210;EXCHANGE
27.12.2024;10:28:34.526;OESX SI 20250620 CS EU P 4400 0;SIMPLE_INSTRUMENT;BLOCK;EUR;637534232;79.20000000;3000;PRC_DECOMP_EXCHANGE;;;;XEUR;7798347;1210;EXCHANGE
27.12.2024;10:31:44.569;OESX.V.241227.BRT+U.000218;OPTION_VOLATILITY_STRATEGY;BLOCK;EUR;637534233;117.00000000;10;EXCHANGE_LAST;;1;1;XEUR;72062790950184456;1210;
27.12.2024;10:31:44.569;OESX SI 20261218 CS EU P 4500 0;SIMPLE_INSTRUMENT;BLOCK;EUR;637534233;291.30000000;1000;PRC_DECOMP_EXCHANGE;;;;XEUR;3156688;1210;EXCHANGE
27.12.2024;10:31:44.569;OESX SI 20251219 CS EU P 4500 0;SIMPLE_INSTRUMENT;BLOCK;EUR;637534233;174.30000000;1000;PRC_DECOMP_EXCHANGE;;;;XEUR;2926972;1210;EXCHANGE
27.12.2024;10:31:44.569;FESX SI 20250321 CS;SIMPLE_INSTRUMENT;BLOCK;EUR;637534233;4900.00000000;40;PRC_DECOMP_EXCHANGE;;;;XEUR;7793482;1210;EXCHANGE
27.12.2024;12:03:26.185;OESX.V.241227.CDIA-U.000270;OPTION_VOLATILITY_STRATEGY;BLOCK;EUR;637534242;7.90000000;10;EXCHANGE_LAST;;1;1;XEUR;72062790950184508;1210;
27.12.2024;12:03:26.185;OESX SI 20250110 CS EU C 5000 0;SIMPLE_INSTRUMENT;BLOCK;EUR;637534242;8.30000000;1000;PRC_DECOMP_MEMBER;;;;XEUR;12173296;1210;MEMBER
27.12.2024;12:03:26.185;OESX SI 20250103 CS EU C 5025 0;SIMPLE_INSTRUMENT;BLOCK;EUR;637534242;0.40000000;1000;PRC_DECOMP_MEMBER;;;;XEUR;12141688;1210;MEMBER
27.12.2024;12:03:26.185;FESX SI 20250321 CS;SIMPLE_INSTRUMENT;BLOCK;EUR;637534242;4905.00000000;130;PRC_DECOMP_MEMBER;;;;XEUR;7793482;1210;MEMBER
27.12.2024;12:32:41.460;OESX.V.241227.PLAD+U.000279;OPTION_VOLATILITY_STRATEGY;BLOCK;EUR;637534243;134.30000000;75;EXCHANGE_LAST;;1;1;XEUR;72062790950184517;1210;
27.12.2024;12:32:41.460;OESX SI 20250321 CS EU P 5050 0;SIMPLE_INSTRUMENT;BLOCK;EUR;637534243;204.30000000;7500;PRC_DECOMP_EXCHANGE;;;;XEUR;10849714;1210;EXCHANGE
27.12.2024;12:32:41.460;FESX SI 20250321 CS;SIMPLE_INSTRUMENT;BLOCK;EUR;637534243;4910.00000000;2850;PRC_DECOMP_EXCHANGE;;;;XEUR;7793482;1210;EXCHANGE
27.12.2024;12:32:41.460;OESX SI 20250321 CS EU P 4600 0;SIMPLE_INSTRUMENT;BLOCK;EUR;637534243;50.30000000;7500;PRC_DECOMP_EXCHANGE;;;;XEUR;7798482;1210;EXCHANGE
27.12.2024;12:32:41.460;OESX SI 20250321 CS EU P 4250 0;SIMPLE_INSTRUMENT;BLOCK;EUR;637534243;19.70000000;7500;PRC_DECOMP_EXCHANGE;;;;XEUR;10849680;1210;EXCHANGE
27.12.2024;12:44:05.090;OESX.V.241227.PUT+U.000286;OPTION_VOLATILITY_STRATEGY;BLOCK;EUR;637534244;38.50000000;15;EXCHANGE_LAST;;1;1;XEUR;72062790950184524;1210;
27.12.2024;12:44:05.090;FESX SI 20250321 CS;SIMPLE_INSTRUMENT;BLOCK;EUR;637534244;4910.00000000;240;PRC_DECOMP_EXCHANGE;;;;XEUR;7793482;1210;EXCHANGE
27.12.2024;12:44:05.090;OESX SI 20250321 CS EU P 4500 0;SIMPLE_INSTRUMENT;BLOCK;EUR;637534244;38.50000000;1500;PRC_DECOMP_EXCHANGE;;;;XEUR;7798492;1210;EXCHANGE
27.12.2024;13:41:01.725;OESX.V.241227.PDIA+U.000295;OPTION_VOLATILITY_STRATEGY;BLOCK;EUR;637534248;265.50000000;15;EXCHANGE_LAST;;1;1;XEUR;72062790950184533;1210;
27.12.2024;13:41:01.725;OESX SI 20250117 CS EU P 4900 0;SIMPLE_INSTRUMENT;BLOCK;EUR;637534248;65.10000000;1500;PRC_DECOMP_EXCHANGE;;;;XEUR;10415898;1210;EXCHANGE
27.12.2024;13:41:01.725;OESX SI 20251219 CS EU P 4950 0;SIMPLE_INSTRUMENT;BLOCK;EUR;637534248;330.60000000;1500;PRC_DECOMP_EXCHANGE;;;;XEUR;10755093;1210;EXCHANGE
27.12.2024;13:41:01.725;FESX SI 20250321 CS;SIMPLE_INSTRUMENT;BLOCK;EUR;637534248;4910.00000000;15;PRC_DECOMP_EXCHANGE;;;;XEUR;7793482;1210;EXCHANGE
27.12.2024;14:00:06.059;OESX.V.241227.STG-U.000312;OPTION_VOLATILITY_STRATEGY;BLOCK;EUR;637534251;39.50000000;20;EXCHANGE_LAST;;1;1;XEUR;72062790950184550;1210;
27.12.2024;14:00:06.059;OESX SI 20250103 CS EU C 4900 0;SIMPLE_INSTRUMENT;BLOCK;EUR;637534251;20.40000000;2000;PRC_DECOMP_EXCHANGE;;;;XEUR;12141661;1210;EXCHANGE
27.12.2024;14:00:06.059;FESX SI 20250321 CS;SIMPLE_INSTRUMENT;BLOCK;EUR;637534251;4900.00000000;160;PRC_DECOMP_EXCHANGE;;;;XEUR;7793482;1210;EXCHANGE
27.12.2024;14:00:06.059;OESX SI 20250103 CS EU P 4850 0;SIMPLE_INSTRUMENT;BLOCK;EUR;637534251;19.10000000;2000;PRC_DECOMP_EXCHANGE;;;;XEUR;12141667;1210;EXCHANGE
27.12.2024;14:31:53.938;OESX.V.241227.PUT+U.000344;OPTION_VOLATILITY_STRATEGY;BLOCK;EUR;637534255;263.00000000;20;EXCHANGE_LAST;;1;1;XEUR;72062790950184582;1210;
27.12.2024;14:31:53.938;OESX SI 20271217 CS EU P 4100 0;SIMPLE_INSTRUMENT;BLOCK;EUR;637534255;263.00000000;2000;PRC_DECOMP_EXCHANGE;;;;XEUR;2932516;1210;EXCHANGE
27.12.2024;14:31:53.938;FESX SI 20250321 CS;SIMPLE_INSTRUMENT;BLOCK;EUR;637534255;4900.00000000;480;PRC_DECOMP_EXCHANGE;;;;XEUR;7793482;1210;EXCHANGE
27.12.2024;14:48:21.742;OESX.V.241227.PUT+U.000338;OPTION_VOLATILITY_STRATEGY;BLOCK;EUR;637534262;120.50000000;15;EXCHANGE_LAST;;1;1;XEUR;72062790950184576;1210;
27.12.2024;14:48:21.742;OESX SI 20250620 CS EU P 4600 0;SIMPLE_INSTRUMENT;BLOCK;EUR;637534262;120.50000000;1500;PRC_DECOMP_EXCHANGE;;;;XEUR;7798338;1210;EXCHANGE
27.12.2024;14:48:21.742;FESX SI 20250321 CS;SIMPLE_INSTRUMENT;BLOCK;EUR;637534262;4900.00000000;450;PRC_DECOMP_EXCHANGE;;;;XEUR;7793482;1210;EXCHANGE
27.12.2024;15:19:42.268;OESX.V.241227.CALL-U.000367;OPTION_VOLATILITY_STRATEGY;BLOCK;EUR;637534267;79.80000000;10;EXCHANGE_LAST;;1;1;XEUR;72062790950184605;1210;
27.12.2024;15:19:42.268;FESX SI 20250321 CS;SIMPLE_INSTRUMENT;BLOCK;EUR;637534267;4904.00000000;440;PRC_DECOMP_EXCHANGE;;;;XEUR;7793482;1210;EXCHANGE
27.12.2024;15:19:42.268;OESX SI 20250221 CS EU C 4950 0;SIMPLE_INSTRUMENT;BLOCK;EUR;637534267;79.80000000;1000;PRC_DECOMP_EXCHANGE;;;;XEUR;10641487;1210;EXCHANGE
27.12.2024;15:21:09.285;OESX.V.241227.STD+U.000372;OPTION_VOLATILITY_STRATEGY;BLOCK;EUR;637534268;390.50000000;10;EXCHANGE_LAST;;1;1;XEUR;72062790950184610;1210;
27.12.2024;15:21:09.285;FESX SI 20250321 CS;SIMPLE_INSTRUMENT;BLOCK;EUR;637534268;4900.00000000;150;PRC_DECOMP_EXCHANGE;;;;XEUR;7793482;1210;EXCHANGE
27.12.2024;15:21:09.285;OESX SI 20250620 CS EU C 4950 0;SIMPLE_INSTRUMENT;BLOCK;EUR;637534268;137.10000000;1000;PRC_DECOMP_EXCHANGE;;;;XEUR;10933311;1210;EXCHANGE
27.12.2024;15:21:09.285;OESX SI 20250620 CS EU P 4950 0;SIMPLE_INSTRUMENT;BLOCK;EUR;637534268;253.40000000;1000;PRC_DECOMP_EXCHANGE;;;;XEUR;10933310;1210;EXCHANGE
27.12.2024;15:21:45.737;OESX.V.241227.PUT+U.000377;OPTION_VOLATILITY_STRATEGY;BLOCK;EUR;637534269;17.80000000;20;EXCHANGE_LAST;;1;1;XEUR;72062790950184615;1210;
27.12.2024;15:21:45.737;OESX SI 20250110 CS EU P 4800 0;SIMPLE_INSTRUMENT;BLOCK;EUR;637534269;17.80000000;2000;PRC_DECOMP_EXCHANGE;;;;XEUR;12173123;1210;EXCHANGE
27.12.2024;15:21:45.737;FESX SI 20250321 CS;SIMPLE_INSTRUMENT;BLOCK;EUR;637534269;4912.00000000;440;PRC_DECOMP_EXCHANGE;;;;XEUR;7793482;1210;EXCHANGE
27.12.2024;15:47:14.981;OESX.V.241227.PUT+U.000420;OPTION_VOLATILITY_STRATEGY;BLOCK;EUR;637534270;27.70000000;20;EXCHANGE_LAST;;1;1;XEUR;72062790950184658;1210;
27.12.2024;15:47:14.981;FESX SI 20250321 CS;SIMPLE_INSTRUMENT;BLOCK;EUR;637534270;4898.00000000;140;PRC_DECOMP_EXCHANGE;;;;XEUR;7793482;1210;EXCHANGE
27.12.2024;15:47:14.981;OESX SI 20250620 CS EU P 3800 0;SIMPLE_INSTRUMENT;BLOCK;EUR;637534270;27.70000000;2000;PRC_DECOMP_EXCHANGE;;;;XEUR;7798371;1210;EXCHANGE
27.12.2024;15:47:25.951;OESX.V.241227.PUT+U.000420;OPTION_VOLATILITY_STRATEGY;BLOCK;EUR;637534271;27.80000000;20;EXCHANGE_LAST;;1;1;XEUR;72062790950184658;1210;
27.12.2024;15:47:25.951;OESX SI 20250620 CS EU P 3800 0;SIMPLE_INSTRUMENT;BLOCK;EUR;637534271;27.80000000;2000;PRC_DECOMP_EXCHANGE;;;;XEUR;7798371;1210;EXCHANGE
27.12.2024;15:47:25.951;FESX SI 20250321 CS;SIMPLE_INSTRUMENT;BLOCK;EUR;637534271;4898.00000000;140;PRC_DECOMP_EXCHANGE;;;;XEUR;7793482;1210;EXCHANGE
27.12.2024;16:06:07.222;OESX.V.241227.RBER-U.000441;OPTION_VOLATILITY_STRATEGY;BLOCK;EUR;637534272;-52.50000000;30;EXCHANGE_LAST;;1;1;XEUR;72062790950184679;1210;
27.12.2024;16:06:07.222;OESX SI 20250321 CS EU P 4500 0;SIMPLE_INSTRUMENT;BLOCK;EUR;637534272;41.30000000;6000;PRC_DECOMP_MEMBER;;;;XEUR;7798492;1210;MEMBER
27.12.2024;16:06:07.222;OESX SI 20250321 CS EU P 4900 0;SIMPLE_INSTRUMENT;BLOCK;EUR;637534272;135.10000000;3000;PRC_DECOMP_MEMBER;;;;XEUR;8653351;1210;MEMBER
27.12.2024;16:06:07.222;FESX SI 20250321 CS;SIMPLE_INSTRUMENT;BLOCK;EUR;637534272;4900.00000000;480;PRC_DECOMP_MEMBER;;;;XEUR;7793482;1210;MEMBER
27.12.2024;16:15:40.424;OESX.V.241227.CALL-U.000468;OPTION_VOLATILITY_STRATEGY;BLOCK;EUR;637534273;139.80000000;15;EXCHANGE_LAST;;1;1;XEUR;72062790950184706;1210;
27.12.2024;16:15:40.424;OESX SI 20250321 CS EU C 4900 0;SIMPLE_INSTRUMENT;BLOCK;EUR;637534273;139.80000000;1500;PRC_DECOMP_EXCHANGE;;;;XEUR;8653348;1210;EXCHANGE
27.12.2024;16:15:40.424;FESX SI 20250321 CS;SIMPLE_INSTRUMENT;BLOCK;EUR;637534273;4910.00000000;780;PRC_DECOMP_EXCHANGE;;;;XEUR;7793482;1210;EXCHANGE
27.12.2024;16:15:21.784;OESX.V.241227.PUT+U.000464;OPTION_VOLATILITY_STRATEGY;BLOCK;EUR;637534274;60.70000000;50;EXCHANGE_LAST;;1;1;XEUR;72062790950184702;1210;
27.12.2024;16:15:21.784;OESX SI 20250321 CS EU P 4650 0;SIMPLE_INSTRUMENT;BLOCK;EUR;637534274;60.70000000;5000;PRC_DECOMP_EXCHANGE;;;;XEUR;10849721;1210;EXCHANGE
27.12.2024;16:15:21.784;FESX SI 20250321 CS;SIMPLE_INSTRUMENT;BLOCK;EUR;637534274;4912.00000000;1250;PRC_DECOMP_EXCHANGE;;;;XEUR;7793482;1210;EXCHANGE
27.12.2024;16:22:36.444;OESX.V.241227.STG+U.000473;OPTION_VOLATILITY_STRATEGY;BLOCK;EUR;637534276;18.30000000;16;EXCHANGE_LAST;;1;1;XEUR;72062790950184711;1210;
27.12.2024;16:22:36.444;OESX SI 20250103 CS EU C 4950 0;SIMPLE_INSTRUMENT;BLOCK;EUR;637534276;6.30000000;1600;PRC_DECOMP_MEMBER;;;;XEUR;12141641;1210;MEMBER
27.12.2024;16:22:36.444;OESX SI 20250103 CS EU P 4850 0;SIMPLE_INSTRUMENT;BLOCK;EUR;637534276;12.00000000;1600;PRC_DECOMP_MEMBER;;;;XEUR;12141667;1210;MEMBER
27.12.2024;16:22:36.444;FESX SI 20250321 CS;SIMPLE_INSTRUMENT;BLOCK;EUR;637534276;4910.00000000;160;PRC_DECOMP_MEMBER;;;;XEUR;7793482;1210;MEMBER
27.12.2024;16:30:41.432;OESX.V.241227.CALL-U.000476;OPTION_VOLATILITY_STRATEGY;BLOCK;EUR;637534277;86.20000000;2;EXCHANGE_LAST;;1;1;XEUR;72062790950184714;1210;
27.12.2024;16:30:41.432;FESX SI 20250321 CS;SIMPLE_INSTRUMENT;BLOCK;EUR;637534277;4905.00000000;386;PRC_DECOMP_EXCHANGE;;;;XEUR;7793482;1210;EXCHANGE
27.12.2024;16:30:41.432;OESX SI 20250321 CS EU C 5000 0;SIMPLE_INSTRUMENT;BLOCK;EUR;637534277;86.20000000;1000;PRC_DECOMP_EXCHANGE;;;;XEUR;8719752;1210;EXCHANGE
27.12.2024;10:50:33.421;OEXD.V.241227.PUT+U.000002;OPTION_VOLATILITY_STRATEGY;BLOCK;EUR;318767105;1.25000000;10;EXCHANGE_LAST;;1;1;XEUR;72063495323013136;1374;
27.12.2024;10:50:33.421;OEXD SI 20251219 CS EU P 145 0;SIMPLE_INSTRUMENT;BLOCK;EUR;318767105;1.25000000;1000;PRC_DECOMP_EXCHANGE;;;;XEUR;7278104;1374;EXCHANGE
27.12.2024;10:50:33.421;FEXD SI 20251219 CS;SIMPLE_INSTRUMENT;BLOCK;EUR;318767105;158.00000000;140;PRC_DECOMP_EXCHANGE;;;;XEUR;1548120;1374;EXCHANGE
27.12.2024;11:12:32.927;OEXP.V.241227.CALL-U.000015;OPTION_VOLATILITY_STRATEGY;BLOCK;EUR;637534236;3.70000000;5;EXCHANGE_LAST;;1;1;XEUR;75088943300754565;705791;
27.12.2024;11:12:32.927;OEXP SI 20241230 CS EU C 4925 0;SIMPLE_INSTRUMENT;BLOCK;EUR;637534236;3.70000000;1250;PRC_DECOMP_EXCHANGE;;;;XEUR;12010227;705791;EXCHANGE
27.12.2024;11:12:32.927;FESX SI 20250321 CS;SIMPLE_INSTRUMENT;BLOCK;EUR;637534236;4895.00000000;225;PRC_DECOMP_EXCHANGE;;;;XEUR;7793482;705791;EXCHANGE
27.12.2024;11:13:35.416;OEXP.V.241227.CALL-U.000015;OPTION_VOLATILITY_STRATEGY;BLOCK;EUR;637534237;3.60000000;5;EXCHANGE_LAST;;1;1;XEUR;75088943300754565;705791;
27.12.2024;11:13:35.416;OEXP SI 20241230 CS EU C 4925 0;SIMPLE_INSTRUMENT;BLOCK;EUR;637534237;3.60000000;1250;PRC_DECOMP_EXCHANGE;;;;XEUR;12010227;705791;EXCHANGE
27.12.2024;11:13:35.416;FESX SI 20250321 CS;SIMPLE_INSTRUMENT;BLOCK;EUR;637534237;4895.00000000;225;PRC_DECOMP_EXCHANGE;;;;XEUR;7793482;705791;EXCHANGE
27.12.2024;08:01:13.374;OGBL.O.241227.BER.000006;STANDARD_OPTION_STRATEGY;BLOCK;EUR;1;0.24000000;200;EXCHANGE_LAST;;1;1;XEUR;72063491028572547;1373;
27.12.2024;08:01:13.374;OGBL SI 20250124 PS AM P 132.50 0;SIMPLE_INSTRUMENT;BLOCK;EUR;1;0.48000000;200;PRC_DECOMP_EXCHANGE;;;;XEUR;12141970;1373;EXCHANGE
27.12.2024;08:01:13.374;OGBL SI 20250124 PS AM P 131.50 0;SIMPLE_INSTRUMENT;BLOCK;EUR;1;0.24000000;200;PRC_DECOMP_EXCHANGE;;;;XEUR;12141982;1373;EXCHANGE
27.12.2024;08:18:30.409;OGBL.O.241227.BUL.000010;STANDARD_OPTION_STRATEGY;BLOCK;EUR;2;0.14000000;350;EXCHANGE_LAST;;1;1;XEUR;72063491028572551;1373;
27.12.2024;08:18:30.409;OGBL SI 20250124 PS AM C 136.00 0;SIMPLE_INSTRUMENT;BLOCK;EUR;2;0.12000000;350;PRC_DECOMP_EXCHANGE;;;;XEUR;12141998;1373;EXCHANGE
27.12.2024;08:18:30.409;OGBL SI 20250124 PS AM C 135.00 0;SIMPLE_INSTRUMENT;BLOCK;EUR;2;0.26000000;350;PRC_DECOMP_EXCHANGE;;;;XEUR;12141993;1373;EXCHANGE
27.12.2024;08:41:59.487;OGBL.O.241227.BER.000018;STANDARD_OPTION_STRATEGY;BLOCK;EUR;5;0.54000000;750;EXCHANGE_LAST;;1;1;XEUR;72063491028572559;1373;
27.12.2024;08:41:59.487;OGBL SI 20250124 PS AM P 133.00 0;SIMPLE_INSTRUMENT;BLOCK;EUR;5;0.69000000;750;PRC_DECOMP_EXCHANGE;;;;XEUR;12141976;1373;EXCHANGE
27.12.2024;08:41:59.487;OGBL SI 20250124 PS AM P 134.00 0;SIMPLE_INSTRUMENT;BLOCK;EUR;5;1.23000000;750;PRC_DECOMP_EXCHANGE;;;;XEUR;12141996;1373;EXCHANGE
27.12.2024;08:42:15.489;OGBL.O.241227.BER.000019;STANDARD_OPTION_STRATEGY;BLOCK;EUR;6;0.27000000;550;EXCHANGE_LAST;;1;1;XEUR;72063491028572560;1373;
27.12.2024;08:42:15.489;OGBL SI 20250221 PS AM P 132.00 0;SIMPLE_INSTRUMENT;BLOCK;EUR;6;0.72000000;550;PRC_DECOMP_EXCHANGE;;;;XEUR;11771233;1373;EXCHANGE
27.12.2024;08:42:15.489;OGBL SI 20250221 PS AM P 131.00 0;SIMPLE_INSTRUMENT;BLOCK;EUR;6;0.45000000;550;PRC_DECOMP_EXCHANGE;;;;XEUR;11771221;1373;EXCHANGE
27.12.2024;08:42:31.490;OGBL.O.241227.BER.000019;STANDARD_OPTION_STRATEGY;BLOCK;EUR;7;0.28000000;200;EXCHANGE_LAST;;1;1;XEUR;72063491028572560;1373;
27.12.2024;08:42:31.490;OGBL SI 20250221 PS AM P 132.00 0;SIMPLE_INSTRUMENT;BLOCK;EUR;7;0.73000000;200;PRC_DECOMP_EXCHANGE;;;;XEUR;11771233;1373;EXCHANGE
27.12.2024;08:42:31.490;OGBL SI 20250221 PS AM P 131.00 0;SIMPLE_INSTRUMENT;BLOCK;EUR;7;0.45000000;200;PRC_DECOMP_EXCHANGE;;;;XEUR;11771221;1373;EXCHANGE
27.12.2024;09:07:36.327;OGBL SI 20250124 PS AM C 133.00 0;SIMPLE_INSTRUMENT;BLOCK;EUR;9;0.90000000;300;EXCHANGE_LAST;;1;1;XEUR;12141969;1373;
27.12.2024;09:08:01.330;OGBL SI 20250124 PS AM P 133.00 0;SIMPLE_INSTRUMENT;BLOCK;EUR;10;0.76000000;300;EXCHANGE_LAST;;1;1;XEUR;12141976;1373;
27.12.2024;09:30:41.533;OGBL.N.241227.000032;NON_STANDARD_OPTION_STRATEGY;BLOCK;EUR;12;0.12000000;2500;EXCHANGE_LAST;;1;1;XEUR;72063491028572573;1373;
27.12.2024;09:30:41.533;OGBL SI 20250110 PS AM C 135.00 0;SIMPLE_INSTRUMENT;BLOCK;EUR;12;0.08000000;5000;PRC_DECOMP_EXCHANGE;;;;XEUR;12315196;1373;EXCHANGE
27.12.2024;09:30:41.533;OGBL SI 20250110 PS AM C 135.50 0;SIMPLE_INSTRUMENT;BLOCK;EUR;12;0.04000000;2500;PRC_DECOMP_EXCHANGE;;;;XEUR;12315194;1373;EXCHANGE
27.12.2024;09:49:07.671;OGBL.O.241227.PCOND.000039;STANDARD_OPTION_STRATEGY;BLOCK;EUR;14;0.35000000;100;EXCHANGE_LAST;;1;1;XEUR;72063491028572580;1373;
27.12.2024;09:49:07.671;OGBL SI 20250124 PS AM P 134.50 0;SIMPLE_INSTRUMENT;BLOCK;EUR;14;1.74000000;100;PRC_DECOMP_EXCHANGE;;;;XEUR;12141994;1373;EXCHANGE
27.12.2024;09:49:07.671;OGBL SI 20250124 PS AM P 135.50 0;SIMPLE_INSTRUMENT;BLOCK;EUR;14;2.57000000;100;PRC_DECOMP_EXCHANGE;;;;XEUR;12142000;1373;EXCHANGE
27.12.2024;09:49:07.671;OGBL SI 20250124 PS AM P 133.50 0;SIMPLE_INSTRUMENT;BLOCK;EUR;14;1.05000000;100;PRC_DECOMP_EXCHANGE;;;;XEUR;12141974;1373;EXCHANGE
27.12.2024;09:49:07.671;OGBL SI 20250124 PS AM P 132.50 0;SIMPLE_INSTRUMENT;BLOCK;EUR;14;0.57000000;100;PRC_DECOMP_EXCHANGE;;;;XEUR;12141970;1373;EXCHANGE
27.12.2024;09:58:21.539;OGBL.O.241227.BUL.000040;STANDARD_OPTION_STRATEGY;BLOCK;EUR;15;0.27000000;200;EXCHANGE_LAST;;1;1;XEUR;72063491028572581;1373;
27.12.2024;09:58:21.539;OGBL SI 20250221 PS AM C 136.00 0;SIMPLE_INSTRUMENT;BLOCK;EUR;15;0.31000000;200;PRC_DECOMP_EXCHANGE;;;;XEUR;11771240;1373;EXCHANGE
27.12.2024;09:58:21.539;OGBL SI 20250221 PS AM C 140.00 0;SIMPLE_INSTRUMENT;BLOCK;EUR;15;0.04000000;200;PRC_DECOMP_EXCHANGE;;;;XEUR;11771309;1373;EXCHANGE
27.12.2024;10:06:46.523;OGBL.O.241227.BUL.000041;STANDARD_OPTION_STRATEGY;BLOCK;EUR;18;0.20000000;500;EXCHANGE_LAST;;1;1;XEUR;72063491028572582;1373;
27.12.2024;10:06:46.523;OGBL SI 20250221 PS AM C 136.00 0;SIMPLE_INSTRUMENT;BLOCK;EUR;18;0.32000000;500;PRC_DECOMP_EXCHANGE;;;;XEUR;11771240;1373;EXCHANGE
27.12.2024;10:06:46.523;OGBL SI 20250221 PS AM C 138.00 0;SIMPLE_INSTRUMENT;BLOCK;EUR;18;0.12000000;500;PRC_DECOMP_EXCHANGE;;;;XEUR;11771301;1373;EXCHANGE
27.12.2024;10:24:49.433;OGBL SI 20250221 PS AM P 132.00 0;SIMPLE_INSTRUMENT;BLOCK;EUR;25;0.80000000;300;EXCHANGE_LAST;;1;1;XEUR;11771233;1373;
27.12.2024;11:11:14.415;OGBL SI 20250124 PS AM P 133.00 0;SIMPLE_INSTRUMENT;BLOCK;EUR;30;0.83000000;1267;EXCHANGE_LAST;;1;1;XEUR;12141976;1373;
27.12.2024;11:11:27.417;OGBL SI 20250124 PS AM P 133.00 0;SIMPLE_INSTRUMENT;BLOCK;EUR;31;0.84000000;1266;EXCHANGE_LAST;;1;1;XEUR;12141976;1373;
27.12.2024;11:14:58.907;OGBL.O.241227.PCOND.000059;STANDARD_OPTION_STRATEGY;BLOCK;EUR;32;0.38000000;100;EXCHANGE_LAST;;1;1;XEUR;72063491028572600;1373;
27.12.2024;11:14:58.907;OGBL SI 20250124 PS AM P 134.00 0;SIMPLE_INSTRUMENT;BLOCK;EUR;32;1.48000000;100;PRC_DECOMP_EXCHANGE;;;;XEUR;12141996;1373;EXCHANGE
27.12.2024;11:14:58.907;OGBL SI 20250124 PS AM P 133.00 0;SIMPLE_INSTRUMENT;BLOCK;EUR;32;0.86000000;100;PRC_DECOMP_EXCHANGE;;;;XEUR;12141976;1373;EXCHANGE
27.12.2024;11:14:58.907;OGBL SI 20250124 PS AM P 135.00 0;SIMPLE_INSTRUMENT;BLOCK;EUR;32;2.27000000;100;PRC_DECOMP_EXCHANGE;;;;XEUR;12142002;1373;EXCHANGE
27.12.2024;11:14:58.907;OGBL SI 20250124 PS AM P 132.00 0;SIMPLE_INSTRUMENT;BLOCK;EUR;32;0.45000000;100;PRC_DECOMP_EXCHANGE;;;;XEUR;12141972;1373;EXCHANGE
27.12.2024;11:28:17.412;OGBL SI 20250124 PS AM C 132.50 0;SIMPLE_INSTRUMENT;BLOCK;EUR;37;1.04000000;150;EXCHANGE_LAST;;1;1;XEUR;12141971;1373;
27.12.2024;11:28:58.917;OGBL SI 20250124 PS AM P 132.50 0;SIMPLE_INSTRUMENT;BLOCK;EUR;38;0.65000000;150;EXCHANGE_LAST;;1;1;XEUR;12141970;1373;
27.12.2024;11:30:45.953;OGBL.O.241227.CCOND.000063;STANDARD_OPTION_STRATEGY;BLOCK;EUR;39;0.22000000;100;EXCHANGE_LAST;;1;1;XEUR;72063491028572604;1373;
27.12.2024;11:30:45.953;OGBL SI 20250124 PS AM C 136.50 0;SIMPLE_INSTRUMENT;BLOCK;EUR;39;0.06000000;100;PRC_DECOMP_EXCHANGE;;;;XEUR;12141987;1373;EXCHANGE
27.12.2024;11:30:45.953;OGBL SI 20250124 PS AM C 135.50 0;SIMPLE_INSTRUMENT;BLOCK;EUR;39;0.13000000;100;PRC_DECOMP_EXCHANGE;;;;XEUR;12142001;1373;EXCHANGE
27.12.2024;11:30:45.953;OGBL SI 20250124 PS AM C 133.50 0;SIMPLE_INSTRUMENT;BLOCK;EUR;39;0.56000000;100;PRC_DECOMP_EXCHANGE;;;;XEUR;12141975;1373;EXCHANGE
27.12.2024;11:30:45.953;OGBL SI 20250124 PS AM C 134.50 0;SIMPLE_INSTRUMENT;BLOCK;EUR;39;0.27000000;100;PRC_DECOMP_EXCHANGE;;;;XEUR;12141995;1373;EXCHANGE
27.12.2024;11:30:57.954;OGBL.O.241227.CCOND.000063;STANDARD_OPTION_STRATEGY;BLOCK;EUR;40;0.23000000;100;EXCHANGE_LAST;;1;1;XEUR;72063491028572604;1373;
27.12.2024;11:30:57.954;OGBL SI 20250124 PS AM C 134.50 0;SIMPLE_INSTRUMENT;BLOCK;EUR;40;0.27000000;100;PRC_DECOMP_EXCHANGE;;;;XEUR;12141995;1373;EXCHANGE
27.12.2024;11:30:57.954;OGBL SI 20250124 PS AM C 133.50 0;SIMPLE_INSTRUMENT;BLOCK;EUR;40;0.57000000;100;PRC_DECOMP_EXCHANGE;;;;XEUR;12141975;1373;EXCHANGE
27.12.2024;11:30:57.954;OGBL SI 20250124 PS AM C 135.50 0;SIMPLE_INSTRUMENT;BLOCK;EUR;40;0.13000000;100;PRC_DECOMP_EXCHANGE;;;;XEUR;12142001;1373;EXCHANGE
27.12.2024;11:30:57.954;OGBL SI 20250124 PS AM C 136.50 0;SIMPLE_INSTRUMENT;BLOCK;EUR;40;0.06000000;100;PRC_DECOMP_EXCHANGE;;;;XEUR;12141987;1373;EXCHANGE
27.12.2024;13:56:11.632;OGBL SI 20250221 PS AM P 128.00 0;SIMPLE_INSTRUMENT;BLOCK;EUR;45;0.12000000;500;EXCHANGE_LAST;;1;1;XEUR;11771217;1373;
27.12.2024;14:04:35.552;OGBL.O.241227.BUL.000081;STANDARD_OPTION_STRATEGY;BLOCK;EUR;46;0.13000000;200;EXCHANGE_LAST;;1;1;XEUR;72063491028572622;1373;
27.12.2024;14:04:35.552;OGBL SI 20250221 PS AM C 137.00 0;SIMPLE_INSTRUMENT;BLOCK;EUR;46;0.19000000;200;PRC_DECOMP_EXCHANGE;;;;XEUR;11771305;1373;EXCHANGE
27.12.2024;14:04:35.552;OGBL SI 20250221 PS AM C 136.00 0;SIMPLE_INSTRUMENT;BLOCK;EUR;46;0.32000000;200;PRC_DECOMP_EXCHANGE;;;;XEUR;11771240;1373;EXCHANGE
27.12.2024;14:43:46.755;OGBL.O.241227.STD.000088;STANDARD_OPTION_STRATEGY;BLOCK;EUR;48;0.70000000;250;EXCHANGE_LAST;;1;1;XEUR;72063491028572629;1373;
27.12.2024;14:43:46.755;OGBL SI 20250103 PS AM C 133.00 0;SIMPLE_INSTRUMENT;BLOCK;EUR;48;0.39000000;250;PRC_DECOMP_EXCHANGE;;;;XEUR;12253526;1373;EXCHANGE
27.12.2024;14:43:46.755;OGBL SI 20250103 PS AM P 133.00 0;SIMPLE_INSTRUMENT;BLOCK;EUR;48;0.31000000;250;PRC_DECOMP_EXCHANGE;;;;XEUR;12253524;1373;EXCHANGE
27.12.2024;15:47:53.139;OGBL.O.241227.BER.000092;STANDARD_OPTION_STRATEGY;BLOCK;EUR;50;0.37000000;100;EXCHANGE_LAST;;1;1;XEUR;72063491028572633;1373;
27.12.2024;15:47:53.139;OGBL SI 20250124 PS AM P 133.00 0;SIMPLE_INSTRUMENT;BLOCK;EUR;50;0.77000000;100;PRC_DECOMP_EXCHANGE;;;;XEUR;12141976;1373;EXCHANGE
27.12.2024;15:47:53.139;OGBL SI 20250124 PS AM P 132.00 0;SIMPLE_INSTRUMENT;BLOCK;EUR;50;0.40000000;100;PRC_DECOMP_EXCHANGE;;;;XEUR;12141972;1373;EXCHANGE
27.12.2024;16:05:46.323;OGBL.O.241227.BER.000090;STANDARD_OPTION_STRATEGY;BLOCK;EUR;51;0.05000000;1000;EXCHANGE_LAST;;1;1;XEUR;72063491028572631;1373;
27.12.2024;16:05:46.323;OGBL SI 20250103 PS AM P 131.00 0;SIMPLE_INSTRUMENT;BLOCK;EUR;51;0.03000000;1000;PRC_DECOMP_EXCHANGE;;;;XEUR;12253436;1373;EXCHANGE
27.12.2024;16:05:46.323;OGBL SI 20250103 PS AM P 132.00 0;SIMPLE_INSTRUMENT;BLOCK;EUR;51;0.08000000;1000;PRC_DECOMP_EXCHANGE;;;;XEUR;12253427;1373;EXCHANGE
27.12.2024;16:19:44.119;OGBL SI 20250124 PS AM C 135.00 0;SIMPLE_INSTRUMENT;BLOCK;EUR;52;0.19000000;500;EXCHANGE_LAST;;1;1;XEUR;12141993;1373;
27.12.2024;16:20:04.426;OGBL SI 20250124 PS AM C 136.00 0;SIMPLE_INSTRUMENT;BLOCK;EUR;53;0.08000000;500;EXCHANGE_LAST;;1;1;XEUR;12141998;1373;
27.12.2024;09:12:33.625;OGBL.V.241227.STD-U.000033;OPTION_VOLATILITY_STRATEGY;BLOCK;EUR;268435467;1.66000000;3;EXCHANGE_LAST;;1;1;XEUR;72063491028572574;1373;
27.12.2024;09:12:33.625;FGBL SI 20250306 PS;SIMPLE_INSTRUMENT;BLOCK;EUR;268435467;133.17000000;24;PRC_DECOMP_EXCHANGE;;;;XEUR;11286679;1373;EXCHANGE
27.12.2024;09:12:33.625;OGBL SI 20250124 PS AM P 133.00 0;SIMPLE_INSTRUMENT;BLOCK;EUR;268435467;0.74000000;300;PRC_DECOMP_EXCHANGE;;;;XEUR;12141976;1373;EXCHANGE
27.12.2024;09:12:33.625;OGBL SI 20250124 PS AM C 133.00 0;SIMPLE_INSTRUMENT;BLOCK;EUR;268435467;0.92000000;300;PRC_DECOMP_EXCHANGE;;;;XEUR;12141969;1373;EXCHANGE
27.12.2024;10:09:27.367;OGBL.V.241227.PUT+U.000043;OPTION_VOLATILITY_STRATEGY;BLOCK;EUR;268435476;0.29000000;1;EXCHANGE_LAST;;1;1;XEUR;72063491028572584;1373;
27.12.2024;10:09:27.367;FGBL SI 20250306 PS;SIMPLE_INSTRUMENT;BLOCK;EUR;268435476;133.11000000;14;PRC_DECOMP_EXCHANGE;;;;XEUR;11286679;1373;EXCHANGE
27.12.2024;10:09:27.367;OGBL SI 20250221 PS AM P 130.00 0;SIMPLE_INSTRUMENT;BLOCK;EUR;268435476;0.29000000;100;PRC_DECOMP_EXCHANGE;;;;XEUR;11771225;1373;EXCHANGE
27.12.2024;10:10:37.735;OGBL.V.241227.BUL-U.000042;OPTION_VOLATILITY_STRATEGY;BLOCK;EUR;268435477;0.31000000;10;EXCHANGE_LAST;;1;1;XEUR;72063491028572583;1373;
27.12.2024;10:10:37.735;OGBL SI 20250124 PS AM C 133.50 0;SIMPLE_INSTRUMENT;BLOCK;EUR;268435477;0.62000000;1000;PRC_DECOMP_EXCHANGE;;;;XEUR;12141975;1373;EXCHANGE
27.12.2024;10:10:37.735;FGBL SI 20250306 PS;SIMPLE_INSTRUMENT;BLOCK;EUR;268435477;133.01000000;180;PRC_DECOMP_EXCHANGE;;;;XEUR;11286679;1373;EXCHANGE
27.12.2024;10:10:37.735;OGBL SI 20250124 PS AM C 134.50 0;SIMPLE_INSTRUMENT;BLOCK;EUR;268435477;0.31000000;1000;PRC_DECOMP_EXCHANGE;;;;XEUR;12141995;1373;EXCHANGE
27.12.2024;10:12:18.267;OGBL.V.241227.PUT+U.000043;OPTION_VOLATILITY_STRATEGY;BLOCK;EUR;268435478;0.30000000;1;EXCHANGE_LAST;;1;1;XEUR;72063491028572584;1373;
27.12.2024;10:12:18.267;FGBL SI 20250306 PS;SIMPLE_INSTRUMENT;BLOCK;EUR;268435478;133.11000000;14;PRC_DECOMP_EXCHANGE;;;;XEUR;11286679;1373;EXCHANGE
27.12.2024;10:12:18.267;OGBL SI 20250221 PS AM P 130.00 0;SIMPLE_INSTRUMENT;BLOCK;EUR;268435478;0.30000000;100;PRC_DECOMP_EXCHANGE;;;;XEUR;11771225;1373;EXCHANGE
27.12.2024;10:19:36.409;OGBL.V.241227.PUT+U.000044;OPTION_VOLATILITY_STRATEGY;BLOCK;EUR;268435479;0.18000000;2;EXCHANGE_LAST;;1;1;XEUR;72063491028572585;1373;
27.12.2024;10:19:36.409;FGBL SI 20250306 PS;SIMPLE_INSTRUMENT;BLOCK;EUR;268435479;133.11000000;16;PRC_DECOMP_EXCHANGE;;;;XEUR;11286679;1373;EXCHANGE
27.12.2024;10:19:36.409;OGBL SI 20250221 PS AM P 129.00 0;SIMPLE_INSTRUMENT;BLOCK;EUR;268435479;0.18000000;200;PRC_DECOMP_EXCHANGE;;;;XEUR;11771210;1373;EXCHANGE
27.12.2024;10:23:12.171;OGBL.V.241227.CALL-U.000045;OPTION_VOLATILITY_STRATEGY;BLOCK;EUR;268435480;0.08000000;1;EXCHANGE_LAST;;1;1;XEUR;72063491028572586;1373;
27.12.2024;10:23:12.171;OGBL SI 20250221 PS AM C 139.00 0;SIMPLE_INSTRUMENT;BLOCK;EUR;268435480;0.08000000;100;PRC_DECOMP_EXCHANGE;;;;XEUR;11771313;1373;EXCHANGE
27.12.2024;10:23:12.171;FGBL SI 20250306 PS;SIMPLE_INSTRUMENT;BLOCK;EUR;268435480;133.14000000;4;PRC_DECOMP_EXCHANGE;;;;XEUR;11286679;1373;EXCHANGE
27.12.2024;10:25:09.595;OGBL.V.241227.CALL-U.000046;OPTION_VOLATILITY_STRATEGY;BLOCK;EUR;268435482;0.12000000;1;EXCHANGE_LAST;;1;1;XEUR;72063491028572587;1373;
27.12.2024;10:25:09.595;FGBL SI 20250306 PS;SIMPLE_INSTRUMENT;BLOCK;EUR;268435482;133.02000000;5;PRC_DECOMP_EXCHANGE;;;;XEUR;11286679;1373;EXCHANGE
27.12.2024;10:25:09.595;OGBL SI 20250221 PS AM C 138.00 0;SIMPLE_INSTRUMENT;BLOCK;EUR;268435482;0.12000000;100;PRC_DECOMP_EXCHANGE;;;;XEUR;11771301;1373;EXCHANGE
27.12.2024;11:25:35.633;OGBL.V.241227.BUL-U.000064;OPTION_VOLATILITY_STRATEGY;BLOCK;EUR;268435491;0.39000000;20;EXCHANGE_LAST;;1;1;XEUR;72063491028572605;1373;
27.12.2024;11:25:35.633;FGBL SI 20250306 PS;SIMPLE_INSTRUMENT;BLOCK;EUR;268435491;132.96000000;460;PRC_DECOMP_EXCHANGE;;;;XEUR;11286679;1373;EXCHANGE
27.12.2024;11:25:35.633;OGBL SI 20250124 PS AM C 133.50 0;SIMPLE_INSTRUMENT;BLOCK;EUR;268435491;0.56000000;2000;PRC_DECOMP_EXCHANGE;;;;XEUR;12141975;1373;EXCHANGE
27.12.2024;11:25:35.633;OGBL SI 20250124 PS AM C 135.00 0;SIMPLE_INSTRUMENT;BLOCK;EUR;268435491;0.17000000;2000;PRC_DECOMP_EXCHANGE;;;;XEUR;12141993;1373;EXCHANGE
27.12.2024;11:26:02.304;OGBL.V.241227.BUL-U.000064;OPTION_VOLATILITY_STRATEGY;BLOCK;EUR;268435492;0.40000000;20;EXCHANGE_LAST;;1;1;XEUR;72063491028572605;1373;
27.12.2024;11:26:02.304;FGBL SI 20250306 PS;SIMPLE_INSTRUMENT;BLOCK;EUR;268435492;132.96000000;460;PRC_DECOMP_EXCHANGE;;;;XEUR;11286679;1373;EXCHANGE
27.12.2024;11:26:02.304;OGBL SI 20250124 PS AM C 133.50 0;SIMPLE_INSTRUMENT;BLOCK;EUR;268435492;0.56000000;2000;PRC_DECOMP_EXCHANGE;;;;XEUR;12141975;1373;EXCHANGE
27.12.2024;11:26:02.304;OGBL SI 20250124 PS AM C 135.00 0;SIMPLE_INSTRUMENT;BLOCK;EUR;268435492;0.16000000;2000;PRC_DECOMP_EXCHANGE;;;;XEUR;12141993;1373;EXCHANGE
27.12.2024;11:59:05.024;OGBL.V.241227.BUL-U.000066;OPTION_VOLATILITY_STRATEGY;BLOCK;EUR;268435499;0.37000000;5;EXCHANGE_LAST;;1;1;XEUR;72063491028572607;1373;
27.12.2024;11:59:05.024;OGBL SI 20250124 PS AM C 133.50 0;SIMPLE_INSTRUMENT;BLOCK;EUR;268435499;0.56000000;500;PRC_DECOMP_EXCHANGE;;;;XEUR;12141975;1373;EXCHANGE
27.12.2024;11:59:05.024;FGBL SI 20250306 PS;SIMPLE_INSTRUMENT;BLOCK;EUR;268435499;132.87000000;120;PRC_DECOMP_EXCHANGE;;;;XEUR;11286679;1373;EXCHANGE
27.12.2024;11:59:05.024;OGBL SI 20250124 PS AM C 135.00 0;SIMPLE_INSTRUMENT;BLOCK;EUR;268435499;0.19000000;500;PRC_DECOMP_EXCHANGE;;;;XEUR;12141993;1373;EXCHANGE
27.12.2024;11:59:15.025;OGBL.V.241227.BUL-U.000066;OPTION_VOLATILITY_STRATEGY;BLOCK;EUR;268435500;0.38000000;5;EXCHANGE_LAST;;1;1;XEUR;72063491028572607;1373;
27.12.2024;11:59:15.025;OGBL SI 20250124 PS AM C 135.00 0;SIMPLE_INSTRUMENT;BLOCK;EUR;268435500;0.19000000;500;PRC_DECOMP_EXCHANGE;;;;XEUR;12141993;1373;EXCHANGE
27.12.2024;11:59:15.025;FGBL SI 20250306 PS;SIMPLE_INSTRUMENT;BLOCK;EUR;268435500;132.87000000;120;PRC_DECOMP_EXCHANGE;;;;XEUR;11286679;1373;EXCHANGE
27.12.2024;11:59:15.025;OGBL SI 20250124 PS AM C 133.50 0;SIMPLE_INSTRUMENT;BLOCK;EUR;268435500;0.57000000;500;PRC_DECOMP_EXCHANGE;;;;XEUR;12141975;1373;EXCHANGE
27.12.2024;14:10:20.377;OGBL.V.241227.BUL-U.000082;OPTION_VOLATILITY_STRATEGY;BLOCK;EUR;268435503;0.37000000;5;EXCHANGE_LAST;;1;1;XEUR;72063491028572623;1373;
27.12.2024;14:10:20.377;FGBL SI 20250306 PS;SIMPLE_INSTRUMENT;BLOCK;EUR;268435503;132.85000000;120;PRC_DECOMP_EXCHANGE;;;;XEUR;11286679;1373;EXCHANGE
27.12.2024;14:10:20.377;OGBL SI 20250124 PS AM C 135.00 0;SIMPLE_INSTRUMENT;BLOCK;EUR;268435503;0.24000000;500;PRC_DECOMP_EXCHANGE;;;;XEUR;12141993;1373;EXCHANGE
27.12.2024;14:10:20.377;OGBL SI 20250124 PS AM C 133.50 0;SIMPLE_INSTRUMENT;BLOCK;EUR;268435503;0.61000000;500;PRC_DECOMP_EXCHANGE;;;;XEUR;12141975;1373;EXCHANGE
27.12.2024;14:58:40.007;OGBL.V.241227.BUL-U.000082;OPTION_VOLATILITY_STRATEGY;BLOCK;EUR;268435505;0.37000000;5;EXCHANGE_LAST;;1;1;XEUR;72063491028572623;1373;
27.12.2024;14:58:40.007;OGBL SI 20250124 PS AM C 133.50 0;SIMPLE_INSTRUMENT;BLOCK;EUR;268435505;0.62000000;500;PRC_DECOMP_EXCHANGE;;;;XEUR;12141975;1373;EXCHANGE
27.12.2024;14:58:40.007;OGBL SI 20250124 PS AM C 135.00 0;SIMPLE_INSTRUMENT;BLOCK;EUR;268435505;0.25000000;500;PRC_DECOMP_EXCHANGE;;;;XEUR;12141993;1373;EXCHANGE
27.12.2024;14:58:40.007;FGBL SI 20250306 PS;SIMPLE_INSTRUMENT;BLOCK;EUR;268435505;132.85000000;120;PRC_DECOMP_EXCHANGE;;;;XEUR;11286679;1373;EXCHANGE
27.12.2024;08:32:33.219;OGBX.O.241227.BR23.000004;STANDARD_OPTION_STRATEGY;BLOCK;EUR;4;-2.92000000;125;EXCHANGE_LAST;;1;1;XEUR;73302108056608738;289761;
27.12.2024;08:32:33.219;OGBX SI 20250124 PS AM P 134.00 0;SIMPLE_INSTRUMENT;BLOCK;EUR;4;3.20000000;250;PRC_DECOMP_EXCHANGE;;;;XEUR;12144152;289761;EXCHANGE
27.12.2024;08:32:33.219;OGBX SI 20250124 PS AM P 130.00 0;SIMPLE_INSTRUMENT;BLOCK;EUR;4;1.16000000;375;PRC_DECOMP_EXCHANGE;;;;XEUR;12144108;289761;EXCHANGE
27.12.2024;09:30:42.409;OGBX.O.241227.RBER.000006;STANDARD_OPTION_STRATEGY;BLOCK;EUR;13;-0.30000000;150;EXCHANGE_LAST;;1;1;XEUR;73302108056608740;289761;
27.12.2024;09:30:42.409;OGBX SI 20250124 PS AM P 131.00 0;SIMPLE_INSTRUMENT;BLOCK;EUR;13;1.66000000;150;PRC_DECOMP_EXCHANGE;;;;XEUR;12144100;289761;EXCHANGE
27.12.2024;09:30:42.409;OGBX SI 20250124 PS AM P 128.00 0;SIMPLE_INSTRUMENT;BLOCK;EUR;13;0.68000000;300;PRC_DECOMP_EXCHANGE;;;;XEUR;12144093;289761;EXCHANGE
27.12.2024;10:04:08.178;OGBX.O.241227.BR23.000007;STANDARD_OPTION_STRATEGY;BLOCK;EUR;17;-3.44000000;125;EXCHANGE_LAST;;1;1;XEUR;73302108056608741;289761;
27.12.2024;10:04:08.178;OGBX SI 20250124 PS AM P 132.00 0;SIMPLE_INSTRUMENT;BLOCK;EUR;17;2.20000000;375;PRC_DECOMP_EXCHANGE;;;;XEUR;12144104;289761;EXCHANGE
27.12.2024;10:04:08.178;OGBX SI 20250124 PS AM P 136.00 0;SIMPLE_INSTRUMENT;BLOCK;EUR;17;5.02000000;250;PRC_DECOMP_EXCHANGE;;;;XEUR;12144160;289761;EXCHANGE
27.12.2024;11:34:00.789;OGBX.O.241227.BR23.000007;STANDARD_OPTION_STRATEGY;BLOCK;EUR;42;-3.40000000;125;EXCHANGE_LAST;;1;1;XEUR;73302108056608741;289761;
27.12.2024;11:34:00.789;OGBX SI 20250124 PS AM P 132.00 0;SIMPLE_INSTRUMENT;BLOCK;EUR;42;2.32000000;375;PRC_DECOMP_EXCHANGE;;;;XEUR;12144104;289761;EXCHANGE
27.12.2024;11:34:00.789;OGBX SI 20250124 PS AM P 136.00 0;SIMPLE_INSTRUMENT;BLOCK;EUR;42;5.18000000;250;PRC_DECOMP_EXCHANGE;;;;XEUR;12144160;289761;EXCHANGE
27.12.2024;08:18:37.290;OSMI SI 20250124 CS EU C 11850 0;SIMPLE_INSTRUMENT;BLOCK;CHF;1;22.00000000;432;EXCHANGE_LAST;;1;1;XEUR;12397820;1402;
27.12.2024;11:09:11.422;OSMI SI 20251219 CS EU P 9000 0;SIMPLE_INSTRUMENT;BLOCK;CHF;4;97.00000000;980;EXCHANGE_LAST;;1;1;XEUR;6488293;1402;
27.12.2024;11:42:43.011;OSMI.O.241227.CLAD.000010;STANDARD_OPTION_STRATEGY;BLOCK;CHF;6;-2.00000000;400;EXCHANGE_LAST;;1;1;XEUR;72063615582355620;1402;
27.12.2024;11:42:43.011;OSMI SI 20251219 CS EU C 15600 0;SIMPLE_INSTRUMENT;BLOCK;CHF;6;1.50000000;400;PRC_DECOMP_MEMBER;;;;XEUR;11022191;1402;MEMBER
27.12.2024;11:42:43.011;OSMI SI 20251219 CS EU C 15000 0;SIMPLE_INSTRUMENT;BLOCK;CHF;6;1.50000000;400;PRC_DECOMP_MEMBER;;;;XEUR;6966565;1402;MEMBER
27.12.2024;11:42:43.011;OSMI SI 20251219 CS EU C 15500 0;SIMPLE_INSTRUMENT;BLOCK;CHF;6;2.00000000;400;PRC_DECOMP_MEMBER;;;;XEUR;11001424;1402;MEMBER
27.12.2024;11:58:12.453;OSMI SI 20251219 CS EU C 15600 0;SIMPLE_INSTRUMENT;BLOCK;CHF;8;2.20000000;1000;EXCHANGE_LAST;;1;1;XEUR;11022191;1402;
27.12.2024;11:58:48.693;OSMI.O.241227.BUL.000011;STANDARD_OPTION_STRATEGY;BLOCK;CHF;9;0.00000000;1000;EXCHANGE_LAST;;1;1;XEUR;72063615582355621;1402;
27.12.2024;11:58:48.693;OSMI SI 20251219 CS EU C 15500 0;SIMPLE_INSTRUMENT;BLOCK;CHF;9;1.20000000;1000;PRC_DECOMP_EXCHANGE;;;;XEUR;11001424;1402;EXCHANGE
27.12.2024;11:58:48.693;OSMI SI 20251219 CS EU C 15000 0;SIMPLE_INSTRUMENT;BLOCK;CHF;9;1.20000000;1000;PRC_DECOMP_EXCHANGE;;;;XEUR;6966565;1402;EXCHANGE
27.12.2024;15:55:59.780;OSMI.O.241227.PLAD.000036;STANDARD_OPTION_STRATEGY;BLOCK;CHF;12;169.20000000;580;EXCHANGE_LAST;;1;1;XEUR;72063615582355646;1402;
27.12.2024;15:55:59.780;OSMI SI 20251219 CS EU P 11000 0;SIMPLE_INSTRUMENT;BLOCK;CHF;12;445.20000000;580;PRC_DECOMP_MEMBER;;;;XEUR;5918024;1402;MEMBER
27.12.2024;15:55:59.780;OSMI SI 20251219 CS EU P 9000 0;SIMPLE_INSTRUMENT;BLOCK;CHF;12;99.00000000;580;PRC_DECOMP_MEMBER;;;;XEUR;6488293;1402;MEMBER
27.12.2024;15:55:59.780;OSMI SI 20251219 CS EU P 9800 0;SIMPLE_INSTRUMENT;BLOCK;CHF;12;177.00000000;580;PRC_DECOMP_MEMBER;;;;XEUR;5918012;1402;MEMBER
27.12.2024;09:42:14.310;OSMI.V.241227.BER+U.000004;OPTION_VOLATILITY_STRATEGY;BLOCK;CHF;603979779;108.40000000;4;EXCHANGE_LAST;;1;1;XEUR;72063615582355614;1402;
27.12.2024;09:42:14.310;FSMI SI 20250321 CS;SIMPLE_INSTRUMENT;BLOCK;CHF;603979779;11510.00000000;164;PRC_DECOMP_EXCHANGE;;;;XEUR;7793721;1402;EXCHANGE
27.12.2024;09:42:14.310;OSMI SI 20250117 CS EU P 11000 0;SIMPLE_INSTRUMENT;BLOCK;CHF;603979779;11.30000000;400;PRC_DECOMP_EXCHANGE;;;;XEUR;12084439;1402;EXCHANGE
27.12.2024;09:42:14.310;OSMI SI 20250117 CS EU P 11550 0;SIMPLE_INSTRUMENT;BLOCK;CHF;603979779;119.70000000;400;PRC_DECOMP_EXCHANGE;;;;XEUR;12084364;1402;EXCHANGE
27.12.2024;11:09:25.010;OSMI.V.241227.BER+U.000008;OPTION_VOLATILITY_STRATEGY;BLOCK;CHF;603979781;265.00000000;5;EXCHANGE_LAST;;1;1;XEUR;72063615582355618;1402;
27.12.2024;11:09:25.010;FSMI SI 20250321 CS;SIMPLE_INSTRUMENT;BLOCK;CHF;603979781;11539.00000000;165;PRC_DECOMP_EXCHANGE;;;;XEUR;7793721;1402;EXCHANGE
27.12.2024;11:09:25.010;OSMI SI 20251219 CS EU P 11000 0;SIMPLE_INSTRUMENT;BLOCK;CHF;603979781;443.90000000;980;PRC_DECOMP_EXCHANGE;;;;XEUR;5918024;1402;EXCHANGE
27.12.2024;11:09:25.010;OSMI SI 20251219 CS EU P 9800 0;SIMPLE_INSTRUMENT;BLOCK;CHF;603979781;178.90000000;980;PRC_DECOMP_EXCHANGE;;;;XEUR;5918012;1402;EXCHANGE
27.12.2024;11:52:45.948;OSMI.V.241227.PUT+U.000002;OPTION_VOLATILITY_STRATEGY;BLOCK;CHF;603979783;45.50000000;5;EXCHANGE_LAST;;1;1;XEUR;72063615582355612;1402;
27.12.2024;11:52:45.948;OSMI SI 20250321 CS EU P 10300 0;SIMPLE_INSTRUMENT;BLOCK;CHF;603979783;45.50000000;500;PRC_DECOMP_EXCHANGE;;;;XEUR;10101280;1402;EXCHANGE
27.12.2024;11:52:45.948;FSMI SI 20250321 CS;SIMPLE_INSTRUMENT;BLOCK;CHF;603979783;11500.00000000;45;PRC_DECOMP_EXCHANGE;;;;XEUR;7793721;1402;EXCHANGE
27.12.2024;14:50:44.613;OSMI.V.241227.CALL-U.000032;OPTION_VOLATILITY_STRATEGY;BLOCK;CHF;603979787;28.60000000;3;EXCHANGE_LAST;;1;1;XEUR;72063615582355642;1402;
27.12.2024;14:50:44.613;FSMI SI 20250321 CS;SIMPLE_INSTRUMENT;BLOCK;CHF;603979787;11530.00000000;57;PRC_DECOMP_EXCHANGE;;;;XEUR;7793721;1402;EXCHANGE
27.12.2024;14:50:44.613;OSMI SI 20250117 CS EU C 11800 0;SIMPLE_INSTRUMENT;BLOCK;CHF;603979787;28.60000000;300;PRC_DECOMP_EXCHANGE;;;;XEUR;12084342;1402;EXCHANGE
27.12.2024;09:22:07.240;OVS2.V.241227.CALL-U.000001;OPTION_VOLATILITY_STRATEGY;BLOCK;EUR;301989889;0.45000000;25;EXCHANGE_LAST;;1;1;XEUR;72274189238701897;50430;
27.12.2024;09:22:07.240;FVS SI 20250122 CS;SIMPLE_INSTRUMENT;BLOCK;EUR;301989889;17.00000000;425;PRC_DECOMP_EXCHANGE;;;;XEUR;11231184;50430;EXCHANGE
27.12.2024;09:22:07.240;OVS2 SI 20250122 PS AM C 25.00 0;SIMPLE_INSTRUMENT;BLOCK;EUR;301989889;0.45000000;2500;PRC_DECOMP_EXCHANGE;;;;XEUR;11231982;50430;EXCHANGE
27.12.2024;08:52:54.225;OXXP SI 20250103 CS EU C 510.0 0;SIMPLE_INSTRUMENT;BLOCK;EUR;2;1.10000000;1800;EXCHANGE_LAST;;1;1;XEUR;12315265;1383;
27.12.2024;09:09:26.509;ROG.O.241227.STG.000002;STANDARD_OPTION_STRATEGY;BLOCK;CHF;1;12.00000000;250;EXCHANGE_LAST;;1;1;XEUR;72063757316070031;1435;
27.12.2024;09:09:26.509;ROG SI 20250321 PS AM P 240.00 0;SIMPLE_INSTRUMENT;BLOCK;CHF;1;4.65000000;250;PRC_DECOMP_EXCHANGE;;;;XEUR;10853038;1435;EXCHANGE
27.12.2024;09:09:26.509;ROG SI 20250321 PS AM C 255.00 0;SIMPLE_INSTRUMENT;BLOCK;CHF;1;7.35000000;250;PRC_DECOMP_EXCHANGE;;;;XEUR;11789766;1435;EXCHANGE
27.12.2024;14:14:23.226;ROY SI 20250117 PS AM C 30.50 0;SIMPLE_INSTRUMENT;BLOCK;EUR;2;0.19000000;5500;EXCHANGE_LAST;;1;1;XEUR;12084904;1432;
27.12.2024;10:31:53.055;SIK SI 20261218 PS AM P 160.0 0;SIMPLE_INSTRUMENT;BLOCK;CHF;3;7.65000000;200;EXCHANGE_LAST;;1;1;XEUR;12460733;1625;
27.12.2024;13:27:52.011;SIK SI 20250919 PS AM P 180.0 0;SIMPLE_INSTRUMENT;BLOCK;CHF;10;4.63000000;400;EXCHANGE_LAST;;1;1;XEUR;11898197;1625;
27.12.2024;11:27:54.674;SNW.O.241227.STG.000002;STANDARD_OPTION_STRATEGY;BLOCK;EUR;3;4.06000000;800;EXCHANGE_LAST;;1;1;XEUR;74246996566745690;509760;
27.12.2024;11:27:54.674;SNW SI 20250321 PS AM C 96.00 0;SIMPLE_INSTRUMENT;BLOCK;EUR;3;2.35000000;800;PRC_DECOMP_EXCHANGE;;;;XEUR;10885454;509760;EXCHANGE
27.12.2024;11:27:54.674;SNW SI 20250321 PS AM P 88.00 0;SIMPLE_INSTRUMENT;BLOCK;EUR;3;1.71000000;800;PRC_DECOMP_EXCHANGE;;;;XEUR;10885437;509760;EXCHANGE
27.12.2024;13:05:12.342;SOON SI 20261218 PS AM P 240.00 0;SIMPLE_INSTRUMENT;BLOCK;CHF;8;18.10000000;150;EXCHANGE_LAST;;1;1;XEUR;12460009;1584;
27.12.2024;09:12:32.399;SREN.O.241227.STG.000002;STANDARD_OPTION_STRATEGY;BLOCK;CHF;2;7.00000000;500;EXCHANGE_LAST;;1;1;XEUR;72064199697677918;1538;
27.12.2024;09:12:32.399;SREN SI 20250321 PS AM P 130.00 0;SIMPLE_INSTRUMENT;BLOCK;CHF;2;5.36000000;500;PRC_DECOMP_EXCHANGE;;;;XEUR;10854881;1538;EXCHANGE
27.12.2024;09:12:32.399;SREN SI 20250321 PS AM C 140.00 0;SIMPLE_INSTRUMENT;BLOCK;CHF;2;1.64000000;500;PRC_DECOMP_EXCHANGE;;;;XEUR;10854868;1538;EXCHANGE
27.12.2024;13:45:54.215;SZG SI 20250321 PS AM P 14.40 0;SIMPLE_INSTRUMENT;BLOCK;EUR;1;0.71000000;552;EXCHANGE_LAST;;1;1;XEUR;12464091;1767;
27.12.2024;13:44:43.050;T3OT SI 20250321 CS;SIMPLE_INSTRUMENT;BLOCK;EUR;13;0.79000000;190;EXCHANGE_LAST;;1;1;XEUR;10458152;623925;
27.12.2024;17:25:36.105;T3OT SI 20250321 CS;SIMPLE_INSTRUMENT;BLOCK;EUR;16;0.79000000;6175;EXCHANGE_LAST;;1;1;XEUR;10458152;623925;
27.12.2024;13:44:32.466;TOTH SI 20250321 CS;SIMPLE_INSTRUMENT;BLOCK;EUR;12;51.81500000;2000;EXCHANGE_LAST;;1;1;XEUR;10736349;623929;
27.12.2024;17:25:34.555;TOTH SI 20250321 CS;SIMPLE_INSTRUMENT;BLOCK;EUR;15;52.33900000;65000;EXCHANGE_LAST;;1;1;XEUR;10736349;623929;
27.12.2024;14:18:12.730;VO3 SI 20250110 PS AM C 93.00 0;SIMPLE_INSTRUMENT;BLOCK;EUR;2;0.31000000;1200;EXCHANGE_LAST;;1;1;XEUR;12373953;1872;
27.12.2024;12:07:53.913;VVD SI 20250321 PS AM C 27.00 0;SIMPLE_INSTRUMENT;BLOCK;EUR;5;1.20000000;4000;EXCHANGE_LAST;;1;3;XEUR;12336397;1855;
